Mf2oXwhzJ01lPJycYSLDgj2HIEJRkLP+gm5vHn4BJss=,S0rSBWSn+vzvARJCLjGMic42g9EnQSFJeL75GVCEBDk=,iHu+O8vwYMdu7cbErQ+XIG8ZBBujW0roEgljbxYfZf8=,z35JC+gO5pNItHnmrpHNp8PeYb5SMb/nVV78pujePAk=,McU30TczISOphmqU7YRMvivKazjC2xK4/75z+OPSDxQ+I2WbvSid8tOx5V8uI2Ys
ZKmpYXjXUk1BFC2L073ka9GJlmapGvw7U7bbCwpn7eA=,hJMZsVRGbefOpFlUjf0/59R/iHVb9ImHe/curlrAO68=,k2EiXUIBYQ1N8t7b8VQUZ4wHSTPSRjg7B+GTpSVfC48=,74/B6yLpQzg8Coh60vmf9HggIfuBsbvix95+PfJLX0A=
HeILdEJhi/WpU03fNZd4aBWVarQsA7ndSgDcHtzgbao=,4u5VAoZXcMFBOVrFAhpt4H4v9wrb90/mFajaTFbdhlE=,aCYai63GBYlt9/sOYQI9N1/Lq8k0kmIzcnVY5L/ewjM=,LImE262DTnFyyGJZMtnPimRIrgpev+RWpNg2/UP7xy7jnZl6PkUB1ciU8tHYyhuF
/MFfvmUrWrLbZiAQu5li4VQFaz0lrvnNrYmTu58/rmQ=,/X7VJR1CLFByszIv/W6WjpuaF1bPHM27te9iqN2POR0=,jYwhcRnOeNPqJChw/R2QvbF12I9gkKvM9D11O55gKWE=,Ziw09qyEzp6HNaEZUMtF8QpfjYG/vefzaX3OhrCvm0s=
IwIp0SD6kTfg0g8JvOolpz4kD7LkQ9jIdyAXMINylGM=,TUmr1zNkS6KRpcFpXNrdvF0PiaQ8Rg7Kk3O24uGFlwk=,uFTvjkMbvj4fkfNrAaEXZ9yighsJFwiKwzp/RuSrrCA=,EFRJIszSMK/cJgerusa2A+tkEMrTsqJ2GETEUDus4Dg=
zqubrFbjvE0fiNdWzOKgSqCpGCqYW7mobtHwjbdWJks=,v5eN0oWgZOdbr+p9DgPRaaczWb6ebpNvoFLGewx+KeQ=,F5pvflf1uG2do8NffmWHffzuMpyXgzRGYPpMLBSQ/Tk=,ynxiBILFMhFCMNJ1UIMHYqJ69p5sUdiztKOeDUotEySp/hN1W+e4ofgvFKYfpjjk
3Zs3Rz4dhd/8CWyySpC0MuBAuUBG3D5E4nZTpfRLkac=,TmAwoOEPM1dqo3pPL1mATcHdJwy8Ljp1lOsgoNAy3/0=,5bvXr8XvGzjPQuN1cSplhKXA6Ch2s/90eIVIIeioQUQ=,NzGClep8SQh3Wiy3q7x6T6kKegczOrZFyRtQy5k1WN0=
pgOYSeKH/nMEZKk6C0Pq/3COdG6rB6iGxoFA2QkPauY=,2PE00ZpvwGNCjA3T2638EbP/4dzpoDw0XEoxt7GOcyE=,xN35v5yCVnPOsWgl5nx68oUvvFgnw4iPqB9hXk/9vZM=,HfNu/lIKi9DwX+rsEVRrVP0pqX+74dOq1aiuHnE2vUc=
/EDSYGJZ3irWyOQmgXf7d7GFA8OXfOSpcKTzQVZScxw=,kOVMp9SGyXbx/2wubZ8LCXWRSKFuKm0PY7iadwCRaeY=,CM9Pi7De5AtxGo62sAGDPz3G7j6g8TZcRae3kODK2O8=,EveAPfe8uJvgZDtzpN7Z6we9isWUV20OGnlO6Vdfb7U=
HBLX65/1muO3Vw58KFdRxfbwyQWbDjfqa4j9smE+YDI=,Tbtcxad3AttdxMezda+eJBYat+T462zHzSJEjBb+Nh8=,B/Wlhz2r+vaKX5OjYNGYtqbi+EdHLhrSFDwmbo+L4FA=,32NuAQ2HJmJF+/x0wFr7PwABWJdhO5qFsokY2/5RqLI=
Fp/bm5D1QbM8H4bcV7YKAFh78AkUdWsZQELCx0SKV44=,ctlJNfc30rYxWHlZf1XTxMQ8Cmdl9MIaIPkiNNcUGWY=,etRM5euwTDeKvvrjd4FCqvdK4+n/g1zxe9k6XDTZQ1o=,xPtlidsggF67I8g31AhX31+BsX4k/Rjp7AqylzlLb3GtLftubo87oWp0QyXo8gNz
