hE1gkjLOy7AXUSO6kkKkZVt1gpSmxt6snfXviZgmAg0=,QGPY7icYWBeRhl2LmhhEpA3c6sGbQGSyzJ/a5/9v8c8=,SCJttkvsSGwYYPxwGF9RHQDZlilJuGn8HABsH881h6o=,B/fI3GPPGvouSZvPnEFLlqkdYCjYbpSr+8I3i5Wi0Vg=
7oOYLIx+xIUT3gCKtc4LEs0TJpNvgePtDsEn/nmNBAo=,59frSrJf2BBEs+rprVAUaWwxw+fvwg4huF7cOchdIOE=,+4JITEp5ACHU3Bp2QMC8t32rTBBCONZpeZ1Sy8RE+jQ=,6vgIinhrlh5IU5G1io1L6Q4ywWRpvv0HvnGo1lhym1E=
UV3ZmAs5/reGdaj1ehxEDQW9aQze/IS/oulZke+aCAY=,OUGgXwj1rPLoboHBFqLEbHjlA+9PdW1A85AJaQ5IYsI=,xKHNUqho/nOuefqmdgd1kuLDzMWZRPLHHUqSdfzYgGQ=,4XovGMncWEsAUPZ2k1NmsSikBI+wRBVIuYDvQ1Zb5e3ElvbS4Ag2j9OrMwaF+CGOSsTCiZxgj7Pak7RDlvvdDdOJ+Q7+Gh/Q1W01Eo/0rYlQjhHT7ig0dZ48RjendbJ4
V+FpTxQMsLpvcoZ6YPE7ICG2eXv2y1DWa+eM3xWuFaw=,b+/xHKQeW8rGuY5Lk10ukrncJc+ZCOOhfltXYPoEI60=,pJ/d5ZasaD1eX6bZLbnzFQh4jI1LnLsBSfwrHkkGMVU=,PnKYEyxhrcrmRrk2c4psaSSt6pqtUXF1Qc6ppKXZgp/jPMgf+GZqF4haX142r+A/
H/g58T7bfzYHbYklcyfHHFVwQzn+8Hhl+GSSQT+I7O8=,cM16At1Y52MinSW9ISkAP8HGFDKVFC1z5WRJ3bcqUR4=,jNFUrqj71NcTyNC1H8k6KwpZw/s286mRY0W8PBaB1rM=,8BtrccfyVaI6MWMU2OA8z1VuOM8+2uygppku23SyVeKzuW0yoo96QBw0hIEuPQDQioPO3e8aRWaQ0VVNIsLZ2Q==
V+CgTfj7PRZ9f5YZZJA+pNeuDgyz3L/cmX2py/Gh7BU=,ls7y8HT5wsYDQ7HSfUYFKfhATEoUfYah4t1jmwGkXEQ=,P5nXClc16+D37FWOiy2Rge80drRiwPsyGxzTycYrThw=,AzraaabMN4qcOM4eq4VwXkP6NlLVIWcMRtOVtzenlUuEhzob3jlFmS1pQ19i8BS9
ZxB+9WfNXylJyDSYWwlVorTsn7tNXJlf2e3E2/kk1Q8=,kv0vheorwhaAoyHwMAuguRdThe5Q2zIn7xgMiWLaC2g=,uEQ+OFmk9ygyDumq5xmUFHck91g+/j93z12M9aKXmbQ=,fi5xjoYvJluO4InSGiE2VDtJsDoJ3a+asolqaXSBqDJ3JPGa0Abfrio/4mD3zNNy
KZz3BBW3cWsxqAZKOD8abhthQv5mPrHpNTGQZPi5Y44=,2aHRcEllHQ2xQz+HZOiPEqTjy22Wxu7xkcgjMi+JgTk=,oVgCN5yVVc9FI8GCWSS7rfphZoxkcadPauT/u+wuzlo=,XkStMlmXXShOKHCjV2eSps11oc0bcVZXtTMVdcL5g+6VEYvJ4EWomPAoF6hOcHNd6ceYfZ402wOFkc++x5Xl1Q==
kkBQSA0ofXbAf5kPdMY6+x9vs3JDo5kXo4fxzZ7dqoY=,W86V2kxkvoXX9fLqUZqiH/Mw4vKfEfmbFUzAc55LTa4=,Q12ID70ObgzbVvyOoCNVuzF9/gRlNCmvD7ufuFRL9dg=,9sCh1MZYQvqq1Xg+pQtqCnuWNAJzZiync5fPJSIS+6HuK2DbHaN0KEkGfPWWlQm1
7cm17kJpJcXx6Ymdz/zdVfAffkZShpO7W6aeuHOtVtg=,EC2BygChk8Sv3MKHC0hpJ9PFgGH6tcqRm2bRDn+dtVM=,cOGDPEhHDNtCocKVuxyzJTC7oVnluWKOrudbbilHx8w=,urSefHCQCGy9syATO/AQzUxa7OBX9jZpL84xw7RYWs56HWmjHCemhEXGN+uwUGYK
N21V4PuOB15oMwAYXIFUXJdxCpKUsPJ4bSrTSzPGOXs=,VqIz+E4vcSW1dtMgBMzzZLQCiim+QSdhX2WPQUgWH/U=,AIm8SCzlnpiip1830JQh1gHz83ZJv9Ocn6s+dgbscvg=,fdIB1K0TY6d2/2K1eFGm3y6LF7eRlXx6S4ojqg/4jjrVxxpqthEYRDMMno+ghMeeMgyUnW3QuZzSZ1h18N+0PQ==
yC4UCg7iIzbe2jj4t2aS0XHPowGT8I7bC2CB6dHzv2w=,0Y1e+ykGMWhnMtD3YPyEfYB6g71Hr32yU17gMGxUUpw=,RKgOpG+DEPWlDRKW6QC3mlF/DB4ch+USaipwEV/jYY0=,5oK+4Nv/9Iqvpshr5sRwO1E52tMukGfXRbWs/rWT/Kyo/wpMUetTnuS41zMgMnmZNjyXCu6PmgXCm9Cn0uhxcg==
KOd+D/i4agsYozoO/1zmGZ80vYlTxm50RcQrrAZSbCI=,UwClBKIpdKBVpndckUW+m9agSBaLkPnnrJvUIxgyKLo=,GCBqfUP1ukvXFnqfx94Ksxpb5cMwD80ruuPsS+Ts3Qw=,VKCsUxNylkT9DB0I/HYHCaabX0Vo/fEwGbJoStlsEFikzxublq9g4MS4IcP8ABX3
4s3k4D/NygioGEjTQojYdcXM1p2qVwJbdOcGnyNXG9A=,WpLqWjhg6CWEyb969b9Wtqs9wdj4l2KvUMyNP/Fpw5o=,aSvV/0NG3zyBjO1JmSlBkbJAYzWuUXpY9ztmI8QiOVo=,yUFkZgzw/wrlQJ7/e3jhmDL4rOUgqgXKl09KejWmS/+IZ8zWH04wOeuDNZNZPu4t3VIYvgdpI8ZLiNYUIfJeIg==
6HtCMyc3zCAmEOZ5RBvhe57JRN9onsDLXMDv7UlPkPA=,MWPYQgWuWucAYe1avk9VhMpIEVql7sSo3Li5FzkxzR4=,Hf3ccBXERfOwr0/FLprHEa1Q8uiVG1cMbp2aDRkMnrM=,qs85VCtxqojMKm4xbVrMdcIy8AyflJoeBhTC6froy22O+0YT9NgyrsKxIAX/hXnY
8JcAt8bsek20t3uNkpYBKSQpWK1WqSHH+YtFUk+79aQ=,XqMW08iFVhnvI3EWfy5MbJyg6q1F2MMMd7kP29e7ItA=,THVrX+WNZJ1T9V30qgixVWZKbcB+VD/e8YOpEHPIYpQ=,Ac5fkqca0mZJYdEA0bscwBFgqT9QUBCs5Woa4ObRDC5PlD4rgNfPCN2C56Zo+S8A
sboaqbz8d6B33ZtG6NDvVjnL9erPK5LGwwAkb07O54s=,zApfAEwPipuTiGrAr2PUs1OI4e7zZzEp6oYHxV6xdSM=,XttYaa6TpD3SeikmqPnRRMGSd5h4PbF++Z/7g4EpiBs=,OUghdhXgJOy/L/3xtuzk30Gd84W0JAl3kPpcJgK4rZFn9Mk/MEmIngCiFYmpOXqEulLEm3wSj4zcoCgs058IvQ==
rBnjj4uUx4fTu3IAofUIw5A2cAEB6Zm+FXX/kGiog0U=,jrZNvSgUgO6Af5exoyLtpaFf3m1dpOgSVQN9NyTTo8Q=,QAc92v1DKEVqsE9v8t5N28DCI+L5bRhEf4CG1ypak3Q=,+A5TJ9T76KnZ7ucOys/W+rAHIJtLoxT2Xs8I9pX98LAHq4G6uzF7kWceLZQ1Uyt48jgMG9+WtXDES86Hb8MgEg==
ahJRq0U9zswOvYgJ/o6h2/C1ZiXTW/GbRAfFOU9TyME=,pCV/MF8Kiu7yBH7K/oD2n7F2aPNIEgZAkCNthLvuK/0=,MMj8xQAqj/LYO9KrHkK9m/kQP/3tq7KUS/w5QcEZbNw=,l5FbYvuw3+tMa6JGr/AePzzfoeBAzr/NHVg7hYKVIC0Fi7laOPlRWkwuJiF4M2eQ
3yYansLdpGFhVpMPgK6wscjvOZ/mcvoB0rQu8Obl4GY=,274d5nrLJmIVE2KlJjS9QTiOvWuFMaEO68k7i3r8WVc=,5FUmPJ58qXF9huF9Z14ZTXyJp2WFjELyhwAFvb63HK8=,WhIcJUPKP2cUEloSRzWtflQSynyN9F0mp/J6N2dCLy0=
CsNtOzfZrP6saIsT+LcmKvUw4/rLoGAnv7F9mFnBKZ0=,6O/x/eTL9roRkAIVKiQz9ObshqQL5bGvUFO04d1Tr2M=,G5j6d/hLZWnc4f0oDKBVMMGXBL38Px1hwPUgbVtF9Rg=,fhVew+vZRtObVviHBgFQN8rqsJr9Zbt/oTR79qvmkyc=
1oDr8Cfe0M8UWE/IfSKHyxZgxF5ryH6W/i+fqx54a6o=,puqqY6Kb7RebuLv3ySmv3nqJdJIpVcJwOwK+jdFfdcQ=,NqTWyxOWVCQDYHBP14EidoQGfM6PuxtZpUWTwADREyU=,y/FaAHCGF90plZ/WmZVQQZbWRKrV8JEv8stEX+wcg/KAvGF44piUoazr6voj7U+O
