fcLgFK5Ijs+ygzQF7qMOXKhAlrsMbeFVueDK1ZO67lE=,s2kZlpZgqsMzpl9fQOfFWNIVBLhccq8ux6MjnpnAH6c=,KxHVMVjIGgBfzGfFtO8x4mltweQMTE5F4lcKYLiorU0=,WzGcSqKJub6IiNBHV6IEJR9ENYB0uRbXmsV6JXLdPOY=,FfD5Z4a9hjYfn5QAD1FOimT1lIjSOYwo5+a5YjDFpJdxTUFHtcW9I+0no26wiVvf
p6ASA4S1S/aHM/kpCRMASlXZ7QVxzE9hHuqpNjQa0Fc=,/oC17LmsO6QJmaia5gZHclDvz07WWOTimaD6go8jOcI=,ZlF0sw6qdgY+QskFwlqkcVf+O1jVRqX2VQTtrtLm/Sw=,JitFxkzuGc00/zSh8NAi2ebWTn+CYOVdo4qoltMtLg4=
CO2YaTrJqCIjta7RLr4vAGO2YjHmE6Xb3+FafkmxF/c=,pOReOxt4Wq33NRL2bAAyZuUQh4dddSUjMhNRZeYEiLE=,PC0ekr2pYGF5cuV8ywuGIomx88N4P40lQ4HckDnZbYY=,vX7kCy3u39/tGxwfJWwn7gxImEc9+uKBPUj6XBNuWWqIDke4JErwssoiChl/qhEJ
XDn9gMKKSAIbQi7Vbd2QMTdesIRpjKeyWkcJF/wTR4o=,PPcB78xH+ZHUJ7rTyt2TZT/w9K49I6dAN/G1qxOmWSg=,WZ2cDqncHAtBhbD+O87n6scv7uj1LREhaKnmg6Zjbng=,+7Lg4W3QhB4Lfqhl+qF77ITP+NMHKGOrIoRhnmo4Ju/PuFuZe7BysJUMlpdCfaYY
F8z/5AHs3AUG+OSrcCaGdEmswlIqb6YNZG6Dxnbu5uU=,Fwly8NRsSSyYOFWEY52acM2IsIvk40A2IVfO7ntVINs=,38L6IJV2bbMNS2gAMJF+swVN7nF52aKVO5JA+GqOrY8=,ev1Ifsp9NitmQYCYq4+fBKLPR+8ig/q/aDSwskInRkKEdJMiLCwKeXCaycUM9sjl
LWsE1DBmGbCIwQEQUIQXNhGp+1/amngDo/JNeSUf3wg=,464c4PM4b/r512ansRM5dxjw+TgbsW7VDouCYdgxj6I=,7Td5i0V0BgDNR7qSjF7YXD3hI9M4ry8/aTeYhCypNHI=,09trnLMkxZXTeQlXMstUW7+KflAtbGmw9Jbptl8pJ8w=
ju6J1gd9uo+6IrPjQeTGC4LKkwFE47CgscbQO66C+CU=,WS11Z6/tSpzQJnt3hZ1RdHctCMpICnTkPMHgxHARZCU=,LbQTw6U0byKzWgtb4GRTB59nQEGM83/0pmujFDUAROQ=,ZwCzUInV7X6iJkWcYrhHF9Aa1r+rCD07+bB9yjA5qhc=
+zR/K6rdqYaS2gdxz2oApTTkmzhXKO3Jo9okwqwsdrY=,RUKthzN3FmYbKQwdqoiFQOoZQ2wY29e3LZHvhHoLLD8=,GZY4DXyvYY9/K1EdjEMF8M9ZpzYpKQXkeid4ZRKWf90=,Eu8h4kRfts/FPFgeaXDddrRQorarxENCVKvO5uiySBuHPsomOCXQ/jH9fdUVa87W
I6MGBdGbzfsA2vAEJV2OtQXZ6IfrrUUjnUaPNI0o1kI=,MwizZPFIOVD0TKdKYu07MMLRajweT4Rf089nQwpe54Q=,sW9qBzOaMZK8rMhEGkjHPlihgvPN7zBykdn4+jOBdGA=,/OmUryYGtvYI6wN9lL2XXNLfc5A/xzarBKTvAxovVbkWHPRnW1QydoN8yNS7Vax8
J/4edW9vS8PH2hBVHOAFKvay+eftOHv4D7T1Ypsgg0I=,nvLT0nLK7a4u6lA6m7GkoJJ0KUL6XbxP9IorB1HstUU=,ywykJMrqO24MgYTarDKJWqy090crNls9Ym2bOYFQtZI=,UDsNcSrcy3H12oYIE6UBKlDTjh8lRti0DBQ8jZNxuUKnQziTtU4UcaRWEZ+jwbyU
o/LGXVb3NZrf0ggg3E00gR9+D473Z5Z0WQID0zAzjVA=,19ek3Xeo0wGuNItI1rA3HmY9pe9gWOP9ekqzMaHnJ0I=,kPVrCpHzjrfsB78QYVuX4hWfZNXnCkhKbPUMEpf97XY=,70j3MpAVlG7Bj6uL1dHMojwDjZNyltaDBkHCGecpANY=
kfJZ+Z20Sgp2bAXA+GqqjPTp+NXEFXrOsNBUdp0jrNA=,uPJRzVcDgXZEII7wt0HVnUCqRQuD5XkT3s3KDs3ArLg=,a5ZmX7yE9lrEu015stO6KSPKyaFGjueUQo9wbrD18Rw=,3QHhaIPKghtkNwLg57k8sas6tgrET9NZACkxNkEhV1o=
DIr7+hqu+p+eKG07nTkapgGQGmObEWlOPjWyhgw4/CM=,mSlaPtEVdlAbOe1OaI/jpuD4vPvfJFNYWrIk+JNJnRg=,30arF6t6WyDG7Huyk/fUWEc20jKIXpCgszAp2vEXq5U=,u9V8kkXNtFY+/pJW346NZQzXeDP4ns3dykBmpOqgvRMfGiBIGFfpqnVy50m/K16/
y5A1TpsvBUhjxajTi76UspEBYfGsE7rAASz4UTtDvBY=,JlMRA9CxMDh9Ho5AomBDY+1qwZTnpzIw+JdtXMytNvM=,n2/7R0k4rZFmPhrLRW5BaCLFHcgNOzrVaD1LWW+cJDU=,LIr96lW53Cmr4JsgDZcTl7gnBsSu8WtEO/GgF0hm75Y=
rR26X/u4HeTFkJp8Sp3UOXT4kuOdYDp4TAiyOg2zCrM=,+3rcSypbBffNJq5V+DwkLyR2PAE26QKfHvkPf4OEpnM=,tFmpkUpwuVTLGvCIkp/4cbbwPWt0QsXvKSAO++ggydI=,R/b2htV8ZG+BruXNMFg07UeHdWAAAdTVkr/iLrvAEys=
9XtzS+haIkDUv43vwtflHJqoXtG/tBgaCOIwU+76IW4=,vWMBpnYN0Urzsp/02KjRTkZd2+aCbUVtuH+LoL+9OrQ=,yNP4gLULCq7mF7jJowVrDa3z/rSrDbp+tl7jNWK30Yc=,YflXEDNaDb8uUuoen4k2UbuWHdDAyRBh/k/6na193Sg=
1yLRARRkZK4o3pfVtk8jS3jGa4YgvM3V3aahryihbEQ=,dSjNydpX3gC4ECqUh9ZY3Ds9adpSUTCPApDYYyb7hQ8=,/EAC/khhypQ8sjliAoWKb/Lulu/qp/wF+h3lh7DcCjw=,wHNCjD+Eu9CkN85qFgDpeiZWTNErsoKqYRLP5GESO6Y=
nwCzbVq4nJaVUSw1ch2Bfhxg551UroeLnjTsWNGakCY=,FhnQn8jBlyNg9HC8HGzWn349aNAWeN30znRHfK+kLd0=,iqVFqaVHAVIIxdowh9trtIL5v1yOkAvM3DjbYCKfpxA=,C7Dtyr0FYH6Z3gLxgN92sNsWjVMlt2ozyjzZyqeaiiIPxQ83i0TYP4x53pwkUHwS
mwaZEr49XoxdvB5Yo0abWs16m00fBk0M/Zb/xAQ9Hyo=,ndSjTYRNytq9sdepKXw+NQDcDB7dMO8mfAV19ce+oI4=,pg6jUnpdgR2hPRwUUGqmDg7tqfYgeGfGdkru7ExNsNU=,EGu/lPY8t+dcL/nBzech8EUVIGnYlGwuXInCmqnReW0=
