DH51F47MTz6Ih6fueStMvn10xMdmcfaEBLUfUipNaGo=,0Hrgg5nRPISNP2/PSiG8mK9nfCoSSdjSZJWbbZUBXaY=,7OhJ0rLe31BHkUw4Onr35GWDhjljC1J2uhvvFoMaM+w=,HLXzsHreM+ndlO2sMZ1teT/LAe7nG3+FZ6WbT5Ccy8k=
gD1YmZCbaPUN0fI+R17jI42CL395voH8rqvzqN+jRKw=,VY+0WBmzGX1AH7m5FZIAbWgW3iA592scv81PhQR4JGE=,G5ldhbmXDTDMvkm/Qkmo0bJdxVMHN4FyAlePwemQ1+Y=,ZpAyAFF2/3q9l164yZjR/PS1ZvX7mQ1dauxFbzsVacI=
ueaAtZsUbLPvhXZG+VODSkQyYpvhFEsJLQ/YxN6n7Wg=,aRRiK3GV6I/7NuYEfa1PnJeUDI1QzKYKYhNsaUOwwAY=,ExEWVX/tm2K4OZUi2tczEf6ZI0/8CexWp6ke2/cc3jo=,TcrHgYDVL/WcZOlcPbrjci3w+CXbHfJaPZGQa8MbJuY=
KWS5XfBDFBWy1nQRVjK4XR9hS/K3qREFL9nLYxCVak8=,+MKVb9a76yHxkdRJZCjoPFv6rXGmZNoYWp9Bpo1Jfo0=,Qr89VpZWiaNCF3+bAYDRh2om6RmbQZCvQT5zNMsQOZU=,jZyVXemgNWjUHKmNuzuYitvQQBCMYe1LHC4K7vGHrO8U31Z+zgxFA1rkF5kZL+UD
Rs1qCjDVJBwWw5Si/beIoSBM7lKsrTaWHVlXnwZ0vJU=,Vw5oVnRL/Svfbr8mfIXYQ+Ee7vwQ1r5hf7UxUyGaqBs=,PQlOeWbi4PrOSuYYB25+XdomuqZSAak2BKpC51NuuGM=,hqxUHYzxNeBWheI7j4B/Ya5VCZGcAKP4QmeedzSmb8M=
0MN0PW2pw9fAJY3xdpgd897DFf7eFJknTCSfI2+Zqlk=,AGk4GVvcm8Bf5+zbsZpLELs8aA/wwSoLvArFCAGJDX4=,O6seOIitARLkw8CtJOT2+C7x0WFd23u99pC40+l+cL0=,PIAZwTsGUg0yQeF0tvXaaHLEauJ5YIZV6g7kDz+am2NWGHY24CuNS2Q+j67BJXkD
seUH9YEtqrGjC21J9I4re9/u5nlSlebWXXmdNeBmrMg=,PHBpS3futivVVZLCY5XWG4kgLlP/jnHuCFsGduq9Lac=,VbPumGkgXG9hpFfR+pbvE1vBeN+OhM/e4FH/5PaokUQ=,o8zgt4g1JzetWhFzZA6lxSyUyRTuhws3F0XF0uOOHX0=
+w72CF9kE+ixo5iJQUHJEcOUHhM01sWDLEdMqVEFkvw=,EW/NZ3rAvX2gwvQyuRy4khEvJJiB0/VTDpXDa0VdIRo=,OXWydC10MRcpLVlPBFqlmWbaGPT2s59LgmBhTh9tHJ0=,KQNGnYUut/L6ySGowhCwWxMoN7UvnM6u9rOCjirGYVc=
qDXM1cyBQpfnPTNpR2W4iTXCsjvg6YQgSq4YcaMjEBI=,Rq+d1c9h2npTDBqOGPf3PW9y1tQDJ+SRdMMhSr/f/w0=,KOgeML/YFu85NelAG7VPVpZ9Y8mjFsmm9WIvJltU6F4=,IQw/1B3LIEBGYRiRUmIOQAJ2+HD03XwHdnfE+rg4Lo9CV+hxsfSUenWy9wWzRd5q
0iV5xE++zqjmTFseLrivUryN3XxsIw006h/W+AqfNXs=,STDzWrznldawcP4o6HajEAvcJ977H5cij69D6RcMUDk=,Qc36aUaukkDIHvMK3fRmjGBN5Zqol3huymGSyrfXZg4=,N10g1wB5HI/pP9yCFbJc1mjMM8OxeKJUFHpolkXPeGs=
WZBLtZ7ZE5pUumLGvDFI7T3qedhWyaN1fWFsBNDKrYk=,GzEgH50GibTYyes3hCimVfEc09MMKOEUM73eBLxPRsM=,HmWBH3tblTLSmkNIKQtG1XHcceUdYRBX2BLFkb9mZxo=,u0K5iIHuy/wm3yPEXtE4MLTAO9/Gr/aAyi3INNakyIQ=
v5agqAxtixFHPFi6I4s+8n5YOKFO8mSciCS75+UXb5k=,iWtWVxr3RCFKFTW14KCGVC5crrAZys19YiANigc0Gn0=,FOLxAyCjRfZWjnGVSf/2zcdrYAv7n/YM7dNGvRlLdbs=,9LQc3VRi+ubx1+tr0AV5hvIiWlEUWsYwAo0RDJNlOrc=
ThVOdlxephFeJZau/OkmPA7ymmpTLhhrxjG+Pk3tKtI=,oZ8m45jq6Q7BwF35/3hKRkkc+4C+jFGxBVkO4D4OJi4=,3jh+fpxYPa/eAk7pXG+YFXXDDp8VvF2rhd6pj5IOJZU=,WmRVdJD0BdiqiIqjkqrvof+T2pl+Al9V/SzaWGj74Y0=
ISPJe0e32ryj2DZ/q18JI6a44uW/KEmhiT2jHwmDbJc=,azeVCzBI3u4vAtuthXRLx8E2D8FLHAM1/6/cOX7DnB4=,Hk/QFrJyLi7Qg8SSymcy5Zbaizwa957w7uz5xjUp5zU=,nzXci0Rdt+busT319unRgOCTUf08qgBOEN/B6xD8C61Xp6GzyGZmUYEERmwcD2fE
G3Mo2YeTuaFF39lUqcjQORDp2yestuiwhOAZeGoBlg0=,aOpMRwGTCMxF8d5zL2GQsX2g1MiGaDL6FWKO8UzEbKc=,9MqDDun8EsN4tlWOh6oQCvaf9X4gjOdFpEBYMsgXU7A=,gkZ+g9GD0nT/9cZmsN4ffY75kOprybGhIqutoYEBqMc0JWrzb9jmMt585SpFJXFq
QM52R6/daFxRygQ9Pkh7IMTTprCIMqoXXoevxyvSx0Y=,53cb8IN2sVXDW20kp0OWbjhzp+cqoZvRR76JG4kZ/Uo=,GnZ0U66QX8n3lPil3KBhFWuTZYvGb9+WdjoJRqHik0w=,f3BDI13t6L6K0JWaiOMh1u31pb7C2R9IoZzz4v+5bI3uvH2GZ/OKjJmdZGJ8S+6Y
fDZybzrE98Wk/0XCmXSf7IdhPPWpVidvUXNeMuk9kYw=,0S9UjTfDsno06LIVFXQ/LXVShbRxJU52JiNUN7/7GbE=,Ds05nTc5+/E0Rq+Go8T6qJPztZ2Mzz0WpAXyukoEYV4=,6aGDf7ckRJdrOoW/1DtiDxkMelEcjIAwNeBoY4u2xln5FurOHjaqzIoss7Us4nvU
FGDsVBvvqmaNxcNmixJbCvt6pJ9XoIWzzeRQHdYdROk=,jPMI6aNMvYmXskI3VJv/JLUAUABEc1dX1ZfmdKlf8Dg=,OB3dh81wB1glcZLRWOTybSxs+1rS4XMsdRc89txn8n0=,/142Yjim9tAW9wXbvRI3rcp24MiV2Ux9dLZgesgCgczEaiSFy7fh0GwKJ6yXG47u
GJu0Og49/OPX7K8okHLbGhpsDb43QtUNHccI1v8NZ2g=,PjkNmW50eTaFp3FGy/KJT+M+R1O09XaN9PFxflEAWXg=,eQwr3H4R9RJqJYpNtbwPlWwnDoGZqoeuxkX50k/plzo=,lyo34xwBu16Qaxn40Ul1NhOTbA07hYgCUGFKPtw6GhN66Mv+Ew/rMFLRPggbSjfl
Z+10seuyJME8ASLwdKTFV3NHnSxmMFqhDbWlsqY3kHY=,eTb9r7mTgu6E5Y1f7kmhcsiEdciDAmQnCjQ8AOwvMkY=,8AgRQFEWmy15H/zOoy5OxWQw8vBx8qdMjaUF89vix9U=,4QqUJZjmiliPD2J4za4nnoEuM+9d0gb5uIXgXJGNdUM=
Sq+qLJyUaw6r5rAaOLn0ANwAvJrdpvM8yYWT5WfryPg=,Db5tClm3viUlPTdAumL7Gy8qeFxecWx7iJjqVN/sqlw=,OeJqo0/LiXypmLBn/rmUH0n7Ee5hW/HHhz6Ersh8lw8=,g8KdUgYbsx5IXsGCZCulpeYygAtR46TavgN/KLA/40zR100ibilBtUopavZJTnLZ
UORwafImT4iMcSHaZOqp+yILsAJqOfHBtrnTklwcLZk=,+eQ5ZVhMbPTJmZRt1ppHB0nDUbKC189ZHuq6jxl7aAA=,rbrOEx/4PhjnoIl+xjX1GGwD8JFpvuhkLlpJelD6f6w=,QUaImyt9Et7iWoUiQ83zHg7OkE6mqwKGMPHX29a7/ig=
aIshhEzFsw/+DpHbABDNOvoSvSYFb7q4fYY5joZtuOc=,F7dn/sz76KmZReCJgp8nwhiXbQ5q+8nErPZtr/Xn0Tc=,+nzJrR0vRT0zbYbzBltSm3/vPEkvdtd/RBEz+d3+Asc=,vqX2rIRMvUzzRLl9GVxkBIxmUXkafSJOS+o0XZh6LJI=
jwDCFyYOsLD+zquBMsgQZvZiPrBQqcq7xDJF4zglCio=,idp5b0vhYtl3FG+VWZW3KieC/in2vPdxM0G5aZvjVDA=,uImi8ZFJIxiHATF4U0apJ9fWxbM1Vm5PH1SIIxmu+Js=,Eam5zREW3ym2Oemx8/4tfujFU2AidDOHWgfNhyXAXR0=
uRu9Z+s5cGEjsAda8NeeKuoYm30Ftzd/ezdcGhDxPqk=,T6yJeOZ9IOTEwrY7G6APzskgZHb9byszOpAqeEhQXXI=,s6x988GAAxlibcoaHcoFwh2MeoEpi2qfB3r9BugdOp0=,ZdysQYa50n6rdFJXJq/5kZO88GsJrj03mJ/Yb0eY7Hw=
gEvAoTHd0BHWGWiFM9pbdcmVm8a2DYSc1X61brfCqxs=,xJm19Wpgx1dzo4aNf8/hixFNozT6CKvud8ODpH45hvg=,ZEcEJz2iE/YkDfiitmJ4XZ6fyTImYlEXUkpfme1iWLc=,sswvu0kZSbmdpzVXRmDz6yyFdPEUqVF1mZPxchwWr04=
6nRb2fRvJVzebsi7V89GUgdGPZ0EyGrqBqhQ2gnBkwA=,YRnkaraSw+8IKVtiDXYVBMD9f5BZEaAK449YLbFsmC8=,O3sgPdm+3nowuD6qyT3k9OvDm+iDFdGkUUA9xvhtNig=,ROtYB0hWNunZMp2FUBpi0xtrotbJ88GyB+Hk5OknHws=
N9o3anLuOhuEqmTOaEN2rPoj7pe9ZSzTQygTzzXHykg=,tCsV8DFFXDpsne4Usj4DtjEpKJJ9VCHPM6W2H4v2aw8=,2CnbTf+8QQPMCFtAc1MW0Png6zKqENhyxNIjoANhc7o=,Q7zmXt8i4XNE4bFLzraFUPOn/fOXMOf9evMB/uOaaGs=
cH8bxHLoAcd0tHVurA3r3XTlnw0TmYXwyRJH2k7QBMI=,uBx1URJnJSRjbnRYzDCRXztDlsi0qN0RLOoAODxCcNU=,zou7QLxX+5Wl1Uh/T1qLCpLDEsMFUZ/C4ZeM2RLpllQ=,JaAGr9xy4B+969iLBpxeUjbIR1WzNWhSwVxnFVmYZtI=
i8ErslU5TcMqLnSfhgFgc4QJ5KXUi9aXb8UT7pog1sE=,NDH3N72MiL84LyJEqndYUhPki93KbmVDWNy+P+KKffc=,Hzy35TrIQzZOTeGEnYY1KLppMleQM10kdbo3px3xOtI=,XvOxO+paa81a60UidlNfkA7ctNj9EdrtfkVXLpcum1A=
5htUjws32b41iCxqpVqmPpY03zF2qUmrk8PBGLJye/k=,BZ0UjzBXisSnk7cK36HR2R7ydt743AJRvJlcxR39/jg=,BsWr44CNrS1y7MIRaovas9WqxAR698ZgTYscKHpRenU=,Mp4KwYjBhO7iyzCMx5W+VQVzUl0FdOfSjfiYG0/hlFw=
GVSEoivTkCLvoAVju7TX++hqFIapqN//FuoFmaIueoQ=,3xIQHdEWYxjRNS/PXFjwfCaPYa7bZ/xU+U4DREugjGI=,68ACqgX8A5TpMYwPZlywxvGYJ1v69jhJ/fF7R2wghJM=,diLf+76ixCr8ganb6aQBLJS+OGOPZ1QYEU6WnU748ls=
lhUxPv0zuM6HSjxxh02yi1jhZeYyw/gACkJwzthmrCc=,Upu5+uwI5ZNzbgLmegoVZhr/4yvH2v3/tWwZrYpnJGs=,vsVmXcUQb7uK7axYHB5WsFP6qDyyvZBltfyLKFvQppQ=,oZBksSH5DjtMjH7maRi6Ycq0/GRsf225wJJESvtVsbE=
rKMiHZpwAeSHwmDsBJyLYhoFgPoBH9zNYJWHeBTElS4=,xuu8mSFbxAbGzUETmsOplBa3j8BvNuSffi0+6dM/ojA=,7V9taWGoZfhMZllt3SRxdHxb8SFtuFd0r1rPFZ0Si/4=,U0keXZQ88bv0YvPbSyWznldRtiPJJ9zbiVKDN8VP7lY8AH8sfqdVzM1pJ3z3tFQ6
ynxSQz0OtiTENC3+BlWoiSp+ZKzUjxNrLkejVVcExBE=,v8JUa5ekHLwbs0soMqYYj7h08SQDnZP9KnHYs7GRQbY=,QISkdPWJPjUORsgg83TztXEI5Y15meNsb33mWsK5PDM=,GFYVcPz/H9znUXvlh0aeQw2zfX09N3aLDz+FOr7tWfQ=
iQ9lxPxjztJLrwPYwQrUaCwQMW+GDrXAIpsRJfn8al8=,vJrJ01FDIEphNTEOMMjmEkUh/h2ebysQ/rumkhD7Q2I=,sxL5GPmeG2yRGQA1oRI3S+oG+D0Iye8o+txrismrpiY=,7lLYxfQkOVO4JJCH/y4PHA3mEvlowjqBjZ9SG+wys9aY6udUPoRfMrTwQZ6zrUmc
3Y/jBhDMGOxSiUyatRds6HqkJ42ifIac8tn+/qai168=,akpV00DTb6I6k/SktMCcr0Lh4X/QMymS9g4nTrRdORg=,1/as0obsTsLVnezWofA9cY4BbIiiY2Ouhv5QFIEF7t4=,5S0LZ43mSrB5lwuYEpHtLcCY/OwM4fmyr7L0nFdALNw=
12PlH4e3uw7EvsH3PY1leuLQneyKd00rPiRkTq9T3pc=,2dy5Xd5oIPoORmsEois+QATNSuuvTclvfwvv0QSx0dE=,bpDoxS/4GxNqLeG0PIqEzgdHMDqCNsjBhJAXyrDyvds=,qAl1MSUZddtKzbYh6D21mtXi/wRpNXxEbGjgSnxjB0U=
wExHPbeKMsbjlkZr9x8j1aLdghG8PihVato8V8/ETno=,agajKQ+3JKez/Bd5pGc0Xj4YtWiWNUMTJTS8peQfj5E=,YMhvCNFlvIocX61+YwyZxj226At7q0RSjBh1VKoIr7o=,2B5K1CtjRLXKfGOhkYZ7tB0GJDbkwZziGNDFudA8qfY=
AUzUT7qKP3qjTsXh1soPfBinwwD6OnY9VZLDBx4munM=,AVUGlfKRSAjfWkZuyZUzMiuaBOVRYt/TIKpr9EZ7xVI=,dl4opAAsW//sJKhLoS9VXDuRz4NRmRSK7/FNDf2S7bQ=,YrDUJNUwhw02LHSELsQT6UNLsgcoUy/CXw2+jaHqzrU=
EdviN292b85WTzRlHI/025UPrupo/kFbi6sCVQzNYfc=,573xofGVjN7KZJ9RgtETHntw0lpxi8TLF+n0+c3gb7o=,nvyvDNv0nkrPHi+VE6iapfDjtmTD9aSrZHiXPsYSAWs=,qywEexRlZCi/9QWTBrxlU/AKC2AHqZWme4dTfbRLn5k=
+jwxoqBb1XmM39lXAELXVt2BoLfuDnW2VEkRSCDh1Vk=,YZfDl/GelQfpGzsrereSOYhyXpQZSYRDefYP1VY9iRY=,dRw4T2nuydPJvjTonR2HslqaiB/JsfPvcrB7vrYVAKc=,f/i4Pb4g3nHmm7NzQzSDWUXrbySU5aWdVCZ9JrblPqA=
zh6AMGJEOiNgWCy22IpYiURqCSOpm38IRSnBr3nQXDY=,cf6+ArOm1e+fAaaqf+S/Uc2wa8Z/LsvVoBths9nCSKw=,wLfjQvcSYdHg1Q5UA6pIF8iY3GmQAAWiZClq36df0TM=,vLyGS7OdSRg4J5AOcdTjY5Gxdq0/QDXpZnUneiCGSTo=
RlYmMi/fEjyP6rWpaOENGsZ8SNBMw8gtCh8x9MDz4a0=,cG074upFUw5db4QsonAzRguEJTekVL8zBlcw6QoYUWw=,3AxuwZSbBJ+Vu0Cu4siLuvaLst8obbLdeREWeIImRjU=,TNCF6oYqVOXbMD5LYRbmk2ewBGGqS0C6gzgaRTKH+rg=
lbk03Vgl/+TXCN6j/EQfpEOKLZSYnryQ/yqZectrCwg=,K4LDH/txtkytfUYkmBpPCCnw4JJkbXvGDT7fCt+0pMQ=,dL1m+noQHd7ElC6ea6tI5Bapr4A5/Is6NEkhahQg+pA=,aTViUPEuhFQ+NqeIHW62gAsh5HljQXdIiE6jHOIgTes=
7EIu507u7F6V00xaoTKR/fuR56gSDlMMykOJW5R7vSw=,///eyifD6/1OlrorovsZ2rpf0LNMcxdwLmEkQzVSiiI=,C2hxrlOfEZ3mVwc6coll43ofBNm37/Uf6v3Ql1OiKCc=,kcQSHemSFRdIgDGUlVpgTj6vPl6Tv7gmJZlPxgxS+iE=
USWtFR33T9zsU5VO9hSU+pukR7CfJmkFu9nucy7Hzb0=,3cBwyW6ysmC1LmoAdFcA/0skd73vgob4ilbUvCV8iBc=,U+slJHcJIAWu/AMzk+Hqrf9xwogkeIc1dfDxlg9Z5IE=,lTWV6c0ONkdfkvAHZQrXP5fNuyar2jRf4YSBV2/+re0=
Mud4g3BOnzrNe1yPvF2Z280LHH+tbvYcuv6afv9Y9ek=,EC5XC20GjhkhmNQF7twenFMLMoF86VnmhzApWn8FQmc=,+oAPRWiAy1xnum/KgAOsysTjrekMuGsWhma3t9NCIio=,POOomCRh/XqdZ2r4CyoNj7QPX5Syk1Y/UPFwdV++fw0=
0bRi6IlrVGMlM+GZY9sbEzpR4y1pQujZ/vm83/8iQyA=,PYz3A5I99Rc6HJWFz+vG71JoynS0vzWHtQHzz2nCPko=,Q8Hjw1StetJPP6/9LBn7XV6at5wbrDT00vRxCuXbr5o=,mxnh2Mtq9OAZCo/l08dwqT/tMFkXXL/C6V7z9MgTSS0=
eL1EXvAA/MDVJN0dKrd0chh2ozv8FCuFkgdAdSTsepI=,Ic4O3aZSaCo5AkVr6a5vJ5QG3zDOsJdDC49rJU/Mt6Y=,6AtUdw+8qfc1z2yRdxZtfL1RFvkaYxXBc859TuiLppo=,oW8K5iyJQ4WI/VoZGlEcKyV+Abte50G+0J2g+KXPhm4=
lgsXAPSsMzmMSiYacsmhowtN/338UsTT4kA0GERKYNg=,1+nx65UPZKV+cp4gKZdmskIGiys1OwO+4G7960JA2LA=,FYGndwlJUw/RBw9vEY1v2mDjAPaZEDP68X0JiO1ezkg=,5Y9eDRCfIKj5gKFDwCt869fAshr8OwNI2Vel6zwTX4I=
nROK/xLVPwY7G6IQdARfO30v3fqjXkO+OAa8jJx0V1o=,Ro29wpQEnAq/65uPdoyz69dkC0zmDij4nyrpERVBiBY=,sR4lrFaqZze4sp1M7JnoNm5Zb16nbYexr2FHJIpgek0=,8qj6BOyVWmjX9W+d32adIE0ppDmtsn9zTVf0swp2hzo=
1WFN738UZAFiIDA0oaiLwjicXKAcwExRaI0NkwlpbdY=,pJ3fLJF0sVQWHbQt1LWvHWPmF/QoVuE0IOa4jzGjN6s=,AcPZsuqTcMawYb8gpvxVgSqqDYeH1ET8YZD3f8KfM7Y=,Pw8VsXKzfsatOGEkqdlP6WGBAxuGptWM4piexhzgO10=
Hhz/JS6SbMLSsjuzzn22Nqg1aRTc2ZDtHDJNX1hg8NI=,C6VmmVLHIfw+KOyGPGnZNqniTfrsCYJLJeGs1eOTksc=,uO4xV1YnzER1VK/5Ump5t/xTtIut0kaCw6ojkxcrITs=,mvT0hDJeqAeN699tH3tBhOlfDCsFCkQTS5Fht+kxjTU=
fgcknW7k9hlRUFwK5YI6KIoiZjK3bqvs7NsowiwhoXo=,l+JRZzWzRzLqxW7d0MI/egeRB388aOMk4xyDla2v6vc=,eyzIooJFa0twjH3Gdb9+fXt9wiIa9NagRC0fm2a8Qto=,WRi3QtnPV8PlY9i4K4FHWJEkxdxHduIIRb1wTriNrsfILIP3IyQKjRrUBt6r+LZ3
iz0njo4erYI0OCOw9DLfzEz8HWpWs9HNSweADX7CeQM=,FyAEN2hvE74bCySM508WXHh+86B7eSf7wqNg7Yd8EYc=,Giv7zedLoQL/fYMUIGn+cAS4NBBOrBeXNfO/b+xXD3Y=,OEwqc3Ukbq1PwHTAe/BIoQv+rgSJbfiY7yqcx97aMJc=
KmE7a65miYu1mqxFtT29DNToiKfAs2hRbKSntqe0wIw=,cONtyuJMvj/EmeBZBq7NXlvad2yfrpOsYS0GEfgptsY=,oyIAvHHWuneqs+ffB4/MNHUWl3mIEL+pSBMWB+WkPik=,5CQ0j0UTzpArpLPx4Q5ZXnzNxqpnshiNVwpACoC7KQc=
w5WEMrzgZjec1DZdAjT8vSFan35N73iClOGUYlDM2Tk=,D9OVuBXAo/g5KYJeHtcfo102VbeMhaFYv0U/R5sgYQA=,1yMJ39jNNDrvPWbZCH4nCqVQYp0DpMRksQU6PZ7REVk=,WS9j5LZTL3I1W3FN1yLXrBBL+GVZXV2XtUeZr7GxZN0=
qT/Al/pUwMOjTGqFHs8jLcXGxXmJYJ9HIwwF3pr8WeA=,/+1JnM0SiU/iEROEmO52OOfXW1CCk01DGuhJ4IRfsSI=,ktb6yYImvWsddoXY0PLklZZ7dfs792YcZcvQidlnyso=,4ItkdkyVk5k97nSUnTfqskNBncSZ3r2m+UpubTcB6lM=
bDQJoegS6dOJZrzDvDKv1ZZ+n3r8UAaDbpmw0nOdFwQ=,H1l9LVj6q7yEoLeq9pdW9z2+G9HTL75xO6p8pov0bRE=,kViwAuWeUxxMZM8Fq1bcwYdF7K7RRzmoEwh+QaFEFqU=,AQUhm4+nG1Ehd/d8pYwovUv1Muonr+cmya6wzukSlCk=
LhJ5cImje1MQ1tFKtJuHhys/alle4mzykYu0FltCSIA=,/VfMUssHFEsz6dn2RXpG6XyubAo92cC13GLP4l8/+3o=,kgHIRHRkQqpUkmtNK1ocArgjYHokmDrIRGHPpUf3zY0=,WwHIP+jrIx6fdVa0ORsbY2lrZEKsQLL4coQrmQhiNqcTQRGuIxuNUdU/cI/fK0qR
quSy+mXOZxu+8PETf0wBeOfsX/BViYmdqstvG5SdLLk=,QHWssYbEnTV1+xxVdTkSdtvqMKav76vrtHVwExwmo4M=,M6hfZHM2V8bdxab+HNbLY+EoGESfyq3712bL/qizCKk=,rkBY2npFoOzQuezY6gjKJwszK5d5xzS+j8chWxuyZF8=
rFXjUxfjXO6ufB4wuTK5R5JTcVCA4re2+vQ6+GCY5RE=,N/DgffbEHbvlm1J22xrCAnJlW5Y5jW27eSi1BAEle34=,O1dgJuX43a471JY1rszYiU6O+hmvGIuHCJweqFswj4I=,UpiZbh0EB4SH5wsh9nSgs7WOVOpsd81Rm2cJ4cdS+GA=
xS9dG1OhwHBkwPyNAQ8fSa0i9EtwRdQVnPqmbHlpaJw=,DL1r6lRSxMIsSc3JZ6zSbINY36m7OpPnD28hDMms0aI=,DHa0o3SozDY6Tt0pUF3Fc8j414DyB6QDN81Or+m4aF4=,wrsxDPeycvVnLf3c4ft07Dg5AAyPLivjiVEWyKBP5Fs=
WRTdkM7XDKbZcyPI8cUsOpfOSXwCgSVwqQvwdGX6soc=,AZ4x5lft+xavxxZaJ/P39b/Rk/v4GmH5CuU8fMykg4s=,u4Hh2zuUHKk2kzVOpK0XEvgsiiwBFuLkrV20+6/Tb8k=,k3vcWFCOrqeQ3lLdlfFs7Z9qjGC6zaXiq2s7fFmTX3M3tlEAFTaxvRSC8aa8ZCpZ
XO7IjAjJ+KX67JfRcAV/nD9sziSvidIHR9W5SM1yn4s=,LcxX0pFePRl7PJkTe6qW9dL9gtUNCZ957eh7d5Lggxg=,L6Rfdhjysk2nEivLUT/LHJ3XgzH+qcXULEX9Ow77Gu0=,TwklocUPO/bZ8siiN/y7GpNjHivfnLq7rsz5QxPPLFA=
CHf8TqQfnwNj90PWy16A2hfKSO/eFvf0F3HzLqGnra0=,jZl/Q20zRoO0LVrhvzaVaRbeHdR06q+TWkH7xMrBMtE=,jBBR38zMCWPSjsINrbiCxNK3ljKrTqbciAbgn318QBU=,1YeRQ8+rNUTKXr9ONanpt/28BQBOD/023hKwkuAU6PQ=
b1oi0aBYDQ4oZZlYWVKUfwR+lg7Ks9XnGIwavGkrUF8=,qtiFMIFBT/3+pWlvzmpOjBxnwdkM+EYTOYl045i39j8=,j3Rtx16ITwKIU0yCUXTEl+o7k1r2Yz6aoh67rlbb03U=,KkZxnQfjo4D2uKBbVfxNrj/f/qtTf/kA5Di2hgG4BcGYUOyS5gBlpYaba97kR7fc
cW8G7UcJ2TgkTsX3Wyzm7N3bIuIGlFzj0/CqOP5aHpU=,er93EBPbRHp94mDURHNyi37mOyuqcHhZHVJ/YrYvIfE=,32eDUwMn2shIUu+QoJMeh7jXJNoAYykVuuh4o53SHxE=,bZfNOy2ROjRFtT9E5AQ5hgPbgjeR9zjDa9lL0EAXUBc=
NVT6hc8mPwNjCP9W/Sm8U7B8SvsIm2W/kKCJ0jHhsG4=,OQBV88hNhvOLA8To9bVttHcKn4iKlVMv45d0lshipiU=,pEDboeZhAxuqqXm5v9xlGgAGCM0DUF71egfo+DhgyJA=,VoUL1iVjrAxIFTJzdy2w5yaOkjxcgsHI7TAQAk9WSF8=
7esvmb1flppwp5B0CxZoh0h7BbNn57rSAYubY7qyNpg=,EQp0pwoXAjXPxa4+qEutpiex0Tjh3ahGx+vUpRyIwuc=,ExhdI5Ktw9qkFfFQeGTiR4N3S4TSZ1g993LvmtRmqyE=,FlmdxfR/Tz7rkqfSsR/M1DpQgOgaU/Ue04QlrjkyeN8=
na5G/KMfCSs8GvIdaB2RhpC0xW0LSZykaiwJ1rc0nDI=,LzpfI+WNfFxYIBciO7jv3znd+TR9bF4JpfSChDrRtZo=,i7YI9oGGhrEJ2AT62gtfOIGk3LaUSdJ5piIVILLcsNk=,ikHfYAZjyqXqGrTLKndiWIzNOGWy0wvGeiSkhAiH+2k=
Ol2J81gDX+hppcvYTCPHrigQ6maNrV0+jKHhy9s5xTk=,V+8jhtYOuCI9qAKoBrbk/gRr0JfyH7+SmDwMbl7uq0k=,axrkMeTNt/fpDtl9lO3Pb2TlMh8fWUgCEkKpKDc8nTc=,KaBUoGiC0n/1zXjiVX5vRafrDL1IW0a+6kHsMmpYLxwyMLT82nI7LfEnfmZjWxG3
RgZgraAUIaz+2fJQi4SnsGSehSxYaSct6OfsUzQu2rM=,pQw0pvqEqgXa1Z6sFHaGFKj/SQr90dEqcWyrfqZuDj4=,/ebJiWJb9+cyET8fGBW1GdXGh8Eq7dz3j7KsxzuaSM8=,02gJdYdsBLRH1pCC1JT8dRuZc4uH3Q5pXDZl2fDzxDUdX7sdoKDbObhziq9GGukc
g6O3KDpn203kX1RIslnrwxuRBEklS2N0dx8sOJLLzn4=,T73UmAv41peTApsQnBrXoUoGWdQL7axZkaMN27Q2WeI=,nQG/2pxsiSTi93YAXxM5VSzkU/rv9DLqGk/Wi3itlsE=,cnRj6X43xQiEa8hcse5FYq8SDj/ZwqZiPvAn6CA/S/w=
CILSSQ2cRL6mOwJguHgtzKsyB/JxWrU3q444jWLFiRc=,qElcgdX2iLcCgjBi0u7tNxmCiz57lftLq9mzUVSft/0=,eNUsAVeSW3NeNHkrZi3Z/9bQKNDEHhLOs7fI6cmvDAI=,mgHFjrGwhfNkfnTg7rRlA7DZKhySONkAOXEqOnw+HyI=
nBogXOgwhz+F4v0lUzC2e6qlpjcDZ56Dj5ibfqgdxXY=,XePkV+nihIyZ4j+Hb4cGmAqU0WS1080s/cKCV5JjzgU=,4aMrx5NAUr5z8BXkSVsH5leubay6lTp7rA0kj6TeVKo=,e+6/brLK6uhSmlkvlCRKKtmyfmdDZr/DG/Km9GGlqo+OZWUNGPI1R1coeLLOFv69
2VPkMR82dHJaO8yTvXUNr9M2pY8GgS+2QDh+4t5Wxuw=,j4pPV8fECywMml61bT7h1XRcxRYJuhHFDlC8evpuXXw=,k4qPzQV/I0iXgJWobn9gjJ8nMw6UMJxpwxz/Dyi+vNE=,IIKExKq94chJugHle/lTvkKCZXoZJipvdXbCHUhPESw=
VzBT0JgNkdyKFgjVXTpoQ1xplA7v7OzNOkdQyaU8e8Y=,00m8n8Yjg41gEFznjakJDMfeagd/2U+UaAg81Q85CL4=,5XWqNdIVpBFsoVUZi2p5+QsiaSc3G8vo4MZ/LdIo7B4=,6JJcTAvjwzCEE9iSVeUimozcnO/UVdkDUb7HDjkb5T8=
XBvoE2TySnxoXML2z19/scBgtCm8Reb2g7NCb9UOjNo=,hydvqbe2WRAQVkewmkklHK+PT9Xd9SNWK0u++yUlW5s=,AbRlBObw7zezshXL97XHof/ooZttOef2NeVPcM4PGgQ=,tw9TSNUQ5+/MH/evPFitcmu4cqHd6MnKqVVklerD0pA=
Tb3UNsEBQpk7ECZMoMf8heem9M8ApBRCFCmiiiFbzsc=,LmAS37b9yenadxZtM/px/LF4pjaUu9nvxatyYYKHcxI=,Q9LRmLC/SEjxbmIrIB880JcxtTUsHnVIZ4rhKwja1B4=,2uzJ2S+Q78SihI8W29opx6VYTk1lPp55syRTZs/c9yg=
Lgr4tyf765zTRodZS3bXY6xbdEPdtCwlya0HlZJ23ks=,aRH7whi16lIZXzpgRgWSnP71T3ZCp2yaW9OVmOmSkxo=,xnqcoY47pVb406xYzjZx1WEAp/O/PBzia1yriVe84Do=,MunXfB7KB1JILU8curLgMcEDiy8Akg8yQtiDDz78Sbc=
RRYEwW7NyBC4gGTvwGifLs3yAQfdvRbtuN98o9sGTTM=,pHIqcW0hAXzKdhUOraTp3IeO383GC7G4llEcoCbfKtI=,2suPtZlgFRfv+jIQg+8NVsE8Wztx/Es96wgPaW2nPYE=,pzqvQzipMdAuB0LCkyntaCo4JjsAkVlWRnXq4be1tQ0=
Aao5E297x/se5SKXc3I3z6GNIBT7y7LlnjyQIr9rXuY=,l99RqHnhI6oR/Aspa4O0RWPsaa0HHZRPt5YjvCevdtU=,Uv/0IqifXafaNsaCtQTq9fs/4geCRfAsrnGqfrOl3SE=,rIHEpL4Wfs4B6khpWyVQ/LrWwgKiKpWa7B1DlGR03iM=
mJjHxtyHLk404S9+e2GAgZ9zwzA5Mb9MXtCCzhe5J5E=,EV8I3iHdzFIFh2W3sAlV+7M26X609cDbn7R518MDa50=,Jtwq7skJ1CRETF6DZ0UGEQIGm8hQuIOVw7imJOi9BFE=,NeRFq3UWmi8HXSdRjgJuySHoLbYWvD44PltjSCrk5hU=
Y5O9IAyjcErQpmNY2ISLDsxkTzoUHK5SjzzAXkhrlDw=,e3M1DCJnfz5bSLNTZ2rAo1ZeNWvr52VInAdwG2yJI+k=,yUJiMQxNwPjCk8mQiSa987lpMmZRFMvlUXHTeDiNpYs=,O8XZorY88coFjCQEK+9nr3+dSgytL65ozE7OigasNPU=
lyVtjQu1OXdGwUyws7ufJtYhEWqYDj5cz32ETDEJxCQ=,T0yfQan3q6wSiM2Y1aCifhIzaAeJA944CkdvTu1pYrI=,NVsw3z+BwdzxUbmahfvlEQ//pIVHwMG8TQPLNN7UZ98=,pfAkR99sFJZNxQOpTM3lzKTVsw4lUR1OL4RwjowStHE=
mrCJBJbzQNemRyUDLJgufLT926r1TMMRGxmIZNkrKrU=,SEHtB9sst98kSJfY9vi/riYkbMV/yN1qcNigcTydTak=,Ia57ItYcFgLA9CS6iNec5KVxuGWIUrtQfa+/woXuwx8=,dZkXWIdGAqXFGGqzyBuTQCt09kvNjQU1Zo/yTKCDkMo=
6KBNIrkaKKyZZxcDgsYleXofmNcOykrWg6G7LeAJYsE=,1r7Hy3wH9vr5OaQmO+XCgtJoa9naMMmhEpVzGzz28BM=,FBYnJCUs+cFfmlb31hWdMtxPQADTSmFSKouNHoD3I5A=,HqwXZQkt473r3sxm+qXySimd0EIskQIE4AgDc3roCpo=
yznvDYk7Cth1bOu54SLUklZ7pmBfLPS8ccqhuxU3vf4=,2hr0SLi0aMIDr2CPEcTarh4hRykilDhRWL99UorUUzk=,hSSTr6HvmgiMS3ydUajo1MasF6J19cxR30jsLpkDLuA=,tBVe+hpnlJvVOv61F7lWkBs5fdYYUcRCOGtxDtljcls=
5XLoWoRsdYTEed9fR+9/4qKsI/5dYLtuxVa6DdXBLkI=,XQ4L4EDaOuYVK6pYKlriVlpFwDrO8ngIjnO9C+rxKYs=,aKRZIqiCIDj1ETpfgvWQxSTls3ZzEGvZf+MLDsnVOyM=,nCoMVfm2M6aZUipYMhBpPO+h4bsGPUaOBxuyyQs+82Y=
tt/wzSB3a2gDv9KKWdmgS3r34f+xjWgAahwZUuVbSs8=,QHXxwuKJ+touPxnP/u5aXh6gZ4OZzlgP7CvCFU8BTJA=,dXBOo4iFqqbHZmEtyOwIZMD4LyNdnDIdQVIs64cx4Gk=,Zgr2IjuiTdGij1Jde6UwTRlXjpGEYaf/e+Rp0lp7k8Y=
ynh3cLodwmbAw+lMXSjBYQHvPPFQtCLublwZqCaYh7w=,Z7/tmvvaRlzw9uPv3ktNLTrTgza/+1mUfZAwNesRKhI=,FV7MNJ63DR86xl8BiJibrgmT31fs71kwr/xLYfDW37Y=,3h9qdbC2tR7UYN66X88fG6nApd/OiRRX59RsJoq65lE=
FHd7lM0LyDO/2eiudpo9CCIeQqsbrDKlArK0DEjgjjo=,O9cW6vbLqle3DM/No7SoADM0S7W0rGjLQvUbUmLZcY0=,K4o6ss3lC1Y9ADtypEdbzhwCkDfD5Z+CpUiB2UoJNm0=,c5eex5MnwEMvHzL9gYU1v+Poj0CRfdHL+b1JXKl/OjE=
TKpF4z2Dqs1oFZ/luPu7q5v6FkAmknYG46CvmQI1XDs=,OKhp+D3qI/Y1BDkYr2nhWqLxJVWSUMocQh+dWZ0HCRg=,MhWuXuKpG9GXQqkXqZwblZDZdp3sJcDWr1uKmcIG8T4=,YteDg5cJ1gXik/k2dG1QXSHEu5hUdPx00ogdcBy5tvI=
wI1LNkWVsln8Ht0KRAp+S2d2WdP4tNVPsnYXQntFKiI=,qsOwRzwGrSP2G0qVVPRUCfWOBvLbusDArLLLZqbHzbc=,pgpBDlVUAmiK5aG0A3+wUrPT3UlxXVAaJrvt5J2ubqc=,pkD76yP0g+AJ27hhSjNXRgqIP/tsSS76REOg57kvrF8=
jdhA4V9nuotCcpcuu7dKw7dUhXvDR/baRqHMXWemrmY=,VWI4FKW6FBshf0NGKUgOi3dKbZqfQMUSBiTmA4rRnYA=,As/uFbcN2YpbIepY0kaSNTGWOL1wuO74YAwErGQ3KUE=,VtPxsGcdB8b1h68cI9eKVjuwo7X4nGS0Vw6hvKqDGbo=
XnvHovRRHCEDnpQOLM0GiHjS0P53Ex8KyBNyh9msnFI=,YZKeLhmNEot/j1Jh8qvaHVOeJMD56E5MktKqQirdT20=,Rsyq/xlXhLhFhRXlEe/5/qpkSjQ5BFtcBKCzGBgfE2U=,J+1LPkn+YiNtYipVRWGtaEd12r1OzUY4pkxT1L/FRMQ=
OBTnq9T4me0FkPbEdMX2FrzJjCaHCfPxC7B9nEYvxfE=,LkBvW6mrUB6xMwBFW8StRohq075UEDuEzM+BJTpTPt0=,dIb2F0PaWncb8ChTpd2Qv7gwQmYRgrYWquw951SRaTs=,sYZRInYlu5kHSs4at/VqQXYGL7L1CTGgDlPPq/GhluA=
f/xu+83KODuUUZocosElazS53ZsXXWgWA1RPqIs2KXU=,zpeacS51lia29ud6aH62Qq+rpNzVIgRUp0Wc/DN0zkU=,T/k8DxEEhPWPHYz1H9oOEXKCyNj12yBbxztjdEBjyU8=,eFP4cuQ0PaZyDlD62FJ6G842j783dNdWbt1SpL+Uljo=
IlrW/8nmZjg3y8RLar3JyP9g0WrBKQbkhBukpfNXNaE=,RMWMgICIB5pyrog06DIbF/4A7JfSa16fl9nFX/wrgT0=,6k1jDJ5Re7U6rk8i/d9ieKM64CKZRJ7SDldGtSRDUnQ=,YVbgczRA7lpI9mTIvqZMxBrnPgDym2V9i9RXm5AdXeU=
BklhXgZY7jC6hbO7eG5gluCYEIiuivYOYVBk/Ta1Obg=,b2Leh502p8ECcmqIKNWqz9ZC3IuA1nS1QwDBOwDLjzE=,mXpsc81xLY5RLGJ6tKGtRjaL9jnBtbLED9MmOGgHmU8=,bp7aRsqvnBdnjLKJBfia68TN8aJw8oqoGYcksDacZn4=
Pt3X683/qtlAA/RtABgz7Ye4QAKXERnXiH9mXp9leQY=,N2XfIIpXqoSjKcO37daoVBRy+3gOBqoJtqoJig189VU=,OWTN7Yay83AXV1ViBnOUQHuYa5ciePKNfjjVd/g4kEY=,78agp88UeLbQQjUklWMtG+16Cr44tA5bWhm2v8Udr2g=
of5FnF/2hbG32OJxArOQK79QoHrAvIUXEUGJ5Xl01lo=,jMxbEigGdTb0omijPPfXKqR7kJf4P8aHW4jRStp097s=,LtWwb1utvoRULcPQqgfqcY/hP9PWsZJ7+cD1AnPV8kY=,K2qtVCQn/IsTcCrpTj7goUPNvM2ploxjbiLw2fGfJ9M=
/WRGNRFfaaVkYZcsqte0Wl8f2CxtcwWGjanck7ZHowo=,kk4CX9I9Jzf+i8qqGSr91dTEOBWHHCzaoWCKyXldEFw=,OSpdRL0If66S4MkRecqrGjVEiHR+fugpYdEFl+Js4JM=,OqdzmBb6lm0LgfbsURzekd8cEyJcGVr8TVvlNVZn/hX2fQI86RyZ8aCfOJoe1SHQ
1U/XuPYchGX5yjTzxBZvOefDVBOGzEW27dbixe20VGY=,UjwZJGw+yabrllwJjbxGGd0ZB1q+iqCwYbOo9R7RRnk=,FGHhcTDTiHYN6tASxKswUbEpLKHcWIoCPHyN7TJloMw=,FYJz/a12PgNF1heiUQbNxIbEda7j5QXa4NPVqgtfcS4=
QT0u4YByBRkId2DoU+NC/zwPipZQvY56V6bBQ8UZTfM=,RDV4RevFzZ7w1s2p3PQ6xz7BwM0fgYHgEshUhzOfhb0=,5eJKGdyciIOgXIdiR/01Hlvu7EE7rqO+Qr9YheYTP4s=,qAEAhyTpKLs6ucjCSIBl2ABwTSUgl3ehfWjV8IugqX8=
TAPvDyC5qmlOlqvSgCKFA5iJXZwUYG5blNo+QFWgAWE=,4jlpXJPc5DMIN0iFjiwMJl6/sGe3BRx875qKP3oFhkc=,mt+9EBp7rsPqx9SygqXp0zHQD8lZ+i4U4imDG1cvFQg=,2f32/nWqhGfdMnCVGtP4/kpSmaoa99YNsG7GqRBA6wA=
IGExpXaUqlYeSPa4pLBsytWfEkN5DubAoqeSkZiKX7s=,51IcirNQnJkPJcrEJedIQVuA05BKg2ogOo3h3Xn7Yyg=,UAFABSTjZoP09a8wWkv3J4xQwSUvocTjcY6CZK8fuNs=,ICAourhq6gV0npLZSrVzU0Rapg96O0/wun7lC61u3JY=
zrAejYAQeGc+art5L43SxRwz9PJEjnInL4Tp/jLYQhc=,qO12ksOuIx6RK3tCQKSZKqUvB/wt51C5XNWJhoCpa5k=,R8XSAcmxd82KjCyOrtuENrEvkUtUKzqoLu+oVBpAW7Y=,fg2JduvaH5MJe1reJuxb7+5igRnEuTKopLPyvMHXpjbqlrO+8wqvlVhXibLFojzw
ixoBYeRVpUrEuyTvbJfE45l1AsCdwvdC5aieSdKXo1Y=,cUwZVAtUJIZu5CauAcVLaTwpfXr9u+oYppS9j0S2h14=,UjXZ28QaxY8IP1iz321hvPNoGHRxiNk+76pdObeLzvs=,RY0Zaq9yQ+HTocrNimchbFQMlUefokkuW07FgcfykFs=
VCJA2sFSqTrhSzapSmbrKCkOc3hycdLC88aZE+kQFBU=,vGJr1qQL56zRe3af0G2UqkfqexlmBnuvtpVn8catN4s=,6s95FV+OtC2TxzRjIvgB3y5aTBdryuO1nH+yzekdX8M=,c/I9uGCuQe2/AluTCFgrdyWcxZqFSdUg4cNDHmSY6Lg=
pNGB1QUgeWHKRvfBD5CSGOLQ+QNeSNCA83G65K4xpwQ=,BPE5e7ENMLUA0Md/j0J0as3QzS9QsYxsIN/MU6pSC8E=,1DPUwoXM2tiOsKt71n9enqK9JOiqbKD3fBV8bK2ZKhQ=,oZfZcWIiDF0PjjLJT7KZ9VcdNWyWgk5SLDLWVKaHNbk=
8VoN7nymXGo9oSBh6GQK/UQO9Fq/KraSkW8lvRMhp5k=,o022HrmK2cv6mdXuNin7k2zpH59rEGvQuZ/02FGmJOY=,PjgtG4nfKctUej1AlTLmiyx2otz5dL2Z+L3X7xPP7Ys=,prOd8TvN71kQ0R7CUfV1B66VbsN4MIg+JTYZrEBFp90=
y8M/8LS6PIK6ljAgss5u9uTCEwX98PJj9qzcv17WslM=,7xkqv6EgHC/6jtiHvG74oQgpQg0f6muyTfzjwxN2rBY=,8KiDgr/iF+FfLl+vCmCWc+A319kuWj5KpcoB+FN6pWM=,ItU7jEewcVR+D5WOd7YQAnl84QTTTj50CzfN7hdLrWI=
FR4emnFq80THbJShLAukclTfEhKjkR7eQM+sbI5+XQo=,cPohe5xpMXFevxUPc+3Pt887Z9yQxlx/MIMV2EXBPwY=,OQ1WufDYsT2DSCaBiFOm+ptBhy/5gFYiOkfaMXxKjUE=,WhMCziQmg90ueQHKU9Io+tfgFCg1mwOGvdKviMYMvRQ=
hMvS4vdWjLxA7TYI2AMgmz4lJRtPFSzKoSuG60Fhu5A=,yqCgqQdgZk0F/ikysvFBktIi0ZvXznIG2VV13bNAHTo=,8YvF7eJrlyFZ0dpz/mb7t54nqAY2Pr5uNH/WCQjp0BQ=,KS1ONKo1o1yRIRO3ei5J0RQ3xiiL5NJ8k60EQ3O8IxA=
tm7i4jkVh4z8cTHC6Fimjj/azotA1whQB0PpyVaw0mI=,iC+oxDU1YaNVepJ3/VzXoO6HXTdKIJdr+wzeAyy+Fr4=,Rj+Lxq+FlJHRzVEtuDRmzERRhnpusy7zIsxKYwyd0yY=,0Y8ImCPukVFRWrZhASCnQuX+Gx9ocwmwB4yLSOcgA8s=
28LlZC7mjj0soBOQs0h6uiqx8h14AZDgR2zCDi45rq4=,ZqqNfG8xGTFNaJrLRg7uG/mHpKLOC5u1kYlKFT+zv50=,ZLTAzdoKl6SLLc3pWBaWMdU4/DLsSd1YsqaGLveIaT4=,ukvABEGdNXW4bGTwNrVJ4/rHNIKmwVlexj7aIkqOxUk=
LMc+vRbIGJVe1bZKSYq+L+1uDIqnXSxFrWmHsRKMmCo=,m6aVs4wrz0Gj5KTn/kaKjfiXN+m8UYZ3OIzTd3DDTH4=,fVdZl3IUgXtQ11LtgcmJMd7Eo4b5i3C6bIXKcul95BY=,xe5D+Xu09o2PATMJVUxQtXJWhzA9631tmRhuJBdvgYk=
zaM1BY3liaXfq8bjNQkLOdzQtZi1yKyFL5/h6sJUmxo=,JeSk91R9dRyGJPYd/s6zsklVTsM+ZlfwQM6HV1kDS5M=,zEeXktEwIc4SaO+ve4CYHCQV83wUMVOx+GtE+xt2pKc=,siumoPKLmVlb/fvpwatWZKoRPsS+LhOVC97ZNqlEqYg=
Ju7OBakQ8xlBvtdbAkjTO8j/JJJev9iKiBM0gz6nowA=,BKI76GRPVyN3kYnH8q2IUyabm49XdZy2TM7bDf0l8cA=,6ADm6KWro39Et0gRfCjeu1lh6y7ch1NCZRWemm4y0lU=,4DvGbJLkycRiQKyzD6Y7VpyqOprcHm6b0HGtPRfJTU4=
4yOarYwGjgtTcz6Z9zXa4IU2Q5pG36qh9NojFzoaDgA=,FdfVTjx1/jmcafojwSk2KWJUR0ztxMcObq51nfJsvfQ=,xoIZikGOo2zn5lhTnCrYioQ6pGyodstprR+oP5wZKxE=,HnsQpgCZgjMbNHSuUI/87QxpdFR2x0jK7aPlGu97YHQ=
lg13ictupUPZXXT73SKvJlJlbCs1o+2Y6TjyfVGLzdQ=,lsxIg4u+MjsbydgLGBtr+5NuxCCAE5zXeyuNLdrYhBE=,2bdjLvtNvRYUnttDEa+pIJq1PO7uWc7a9uI1ALv3Wk4=,VECjEcHgKGReB+g2/i/ASy/CbyaOK7jk96BLn5iOXz4=
FQQFXmOLBq1DgNnqM3lCqpF0vE9ZNXPz3e5cA7FRGTg=,7JB45HTbLTVeGU2NzsAWQCv4DBJ3XZn672Qsht8pTs4=,KtMd4b6WIZfqG8ZR737JYnGtR7s+lKlCsgii1RMKUww=,K+6mrr+1KJqNtuqzO/kYt5u+YFdOFbFvGYIZKqc2YYQ=
PQGowEu2t1imGpJpYFfa7jl5Lu8Tdbab9rzm5MQ4GIs=,x+ORDsqJM9301pbnndcpZ4vBk3SGR5FtHyeuzI9uVc8=,n60B+Lr7rFwELMS22wx740NPLztILKnoyZ8FrElXGAg=,yJnFX1x2k3l4bvKzg0gbkWwet7zhYU5uU05lZAr/PsCV2tVOISHvOG875dUgVcZb
CF/YJ1x07QJGxShijnLqLfHA64mUsZ3YaTVR/5BPfGs=,UV9yKgVAMfsUekRuzW2sOZ/PUh7ecX3ricghlSD94do=,XMb2a2E3XlcT3on0Q7BCJE7QxehLPsj2n9S1FWIF62U=,991qn4Zy6gRPSWioBfalMeAJpuKFTRg8+uts6YKVPW8=
EZf7f7KM7bDF27eyodjpE50TRpWP+Cr9NITK1Znee2g=,6VOZlDNHorY9IEaxlhd4H4lNEXXBKkdQfN4+7pMna1M=,JilS5hUF9yWJ7gXQDllEWM75fnA0yVUmfYnQnX2gL3c=,weLK6FPH+cEqgFlaXMN7u78S6d/9zQrPV2x+2huOFcw=
2lnHL2/UhWE8YoU5kmiYAPx1OO/9TZsTrO1+6AX+Acw=,q4oZT7KApM5lKJJa8k4TsqVzZPqfWFksgVHFlxrAfRU=,XLG/wiEqpVisTgdzLoripW34mUzFWadnlbiyiuWkjzk=,FP3hzWNwa/qtHIDPtv355z3btgHpTFoSVRbTQ/fQVxE=
c+s+tetKRHMMJd4RePlqf5zsyiiKshhCjx9EjWkexu0=,8B0jKkIKRsGgdSSLVQ3xnHy21I7iaLwR7/av1Qh5mDA=,If4Mc0ocS1iZ7o1OYvqlxv6pGzlPkSFGL1M7HwnuAQE=,nTou/tL+/m6p7no164Zx969TX6VGB4nhglV2BlwuNCc=
OWylBcuA6oPEz55yiNXX5pGZS/v71y7/9WuhC4JtbTU=,ly9BZAwdhXF3lT10P4h2kfF3G9+VLmyMIxZ15KYD1RU=,9ycVEyxA1mrAbaQmmXr5ew9UiYD2yqkgO/hlUyUpbBQ=,+Zj8BxaSmyS7vyDARdUfu8auH3fS5helZ5sLZcNtykc=
EuvD4iBC12Xf+x3fkGN1oapylPeiunjYtaW2A+f2IOw=,63Vq5e5kecUmXKItO1etyf9g4CW3uU2VfHfOplPsAAM=,DP/H6URbYGqHjNE4NYIC6JPa5yd3QECNlE/I2wZhyuM=,sibaIgdTDk5XFVwUrLZyqFRSX+NVOXwNqkOZQRBbyrU=
cFeYrb+OcG4LHxNmpHeOS48gtNuDK1wxx+SetR/Hevc=,OuyM7Fy2Lq+/Mk2D+gynmpgWCIlN8Jxn0Lq/74AmK8w=,JkSbKWgTmlEboOIriBCztfvtQyl3mYHVsEM0LTzMAtE=,deUlLf56ymp2h+gJNWIeqPvpLqPjrF1PgJzCHNLvD+o=
4Aj0PMYzoDKRvj4xebKE9hlpu7ajESDFPZ4Ji6VTIUI=,8kqKD4SJ8MLO509DdeCOuFJm1MeUz+fJMg0Gn6nd3sM=,PhyMqCTFu/2DY8Tq/ohnLWh07ST3vUUATCMsafz0FQg=,BIUlGUQD2W+vfCOgJINhTKiNPW6+L+Lj5GtpAtjpz6w=
/lX2iR5cLmA3SrlzBQ1Tz29a+U7Y+pVwzYw3T+bTinc=,+ZXi+4x8rFAl5XmA7m4dlVTVRjM06jDKjK6gbfgti38=,jhr7ekGxX8HYGkMeVvrFhlgewt9tzAg8E740d6G3OjM=,dYsF8Smnj7caCQfOjd2nQrCSaXHTkRHZ/WICMpkc8sw=
E6CdCHzvdfBlh5i+UHoF4PGD2bsUpQ7MYxMeaCGEn/A=,mIq8wG7mJIg0bOZxUPXDIyALxRE/sFg0H9nVoBhPDC4=,CrD7Mq5B9s0ei77GUQlOABnKUWftb5beogft9XQ2vVw=,Dj0jmGbwFRV23455DcuxuA400JBrrlf/Fs/+rSKmpt7pR1+XfMuRtnTxUD0GuRGJ
C9I0Wnl5WB6MzGs30bw2pLBNCJM68/1jXyXcyqR35rc=,2lZ7NVeCz0o3c9CrYB2u29eBQqikT9C7jac4EErwzao=,oT7LxIoVPdpl4bWkitG/5vYqpaLCac1XXGkBk+NbX84=,bBmhphD5YPgluRcsRG84XAXXPeA5FKJAd8jSuXhfhu4=
MdttxdUMRxF0+3O5H6krW2cg0hFRhAjRtAjSk3kkoOk=,LRTh/7mFRAfkqtSRsWJC6GdYnp5kozz8Ca5xRq9RbOw=,5KbfE6+OMwrPiyfCEDGaV/cILyAers0cuOU0RFJv2bU=,quIxGgq8cxm//gYSJB3ZObUbhVVCXJHdvZH8bDGcy+c=
pYexFRL0xfdpXlhCYEyfCLm6rwhwBdHdr1EKR1TE7Uw=,BqxHr2aGuuHjrFVtMNS3vhkwDsfwrajGN6ycYCDFsIM=,sBBRIbtjF/n9LYIeAqv0Tb5O446355VNBzLUSvb7bvQ=,SVOWf+e9tN3Ns3z6IHDHAxMMK+O+D10bmz2/j1BX4kI5+RIqxVaqOsDXUIlk7HJ1
05SGo7eAqRFpeh5MfYbwNeebr9Kb1pwVtWwfHDMi9RE=,CcGw9UoWy79ccx/syQmUPlTmYndyhJqtbzlu2asYpNw=,cIra4/3WFplZFan8atbLc3zF94B9Gb7W+BW5FNRCNaI=,VaqhivTtaXcymj4JTmFMUEMgIZ8PKhBbqvdtNPycK/Q=
idLytk2pks/6zwtzQv3hRjkXBjHfV6i/+10KXiyHnYs=,/84jVU8mme7QZMMvmHLsuZej+XdR73UIgwRwGAMU1/E=,NLAiuhd2vNBwKXa36mgD/RlyY80FqLx3AD2Bekv/Snk=,f1MVE7GfAD6iP+6A8jtMlbr9lhUfQ9nwLldRGMgvE6A=
qV/6sDePQVa+hs9MLVUQRhiGrSPjqbxt/r1MoT3Wlok=,dSFVlzR8kfj1ZhKo/FhsGESogZAeLWXNkx9VsUVU2uY=,2aUzgqd0IuRWJc6xYjUEOENxorasLO27VU/7+aHMI/g=,Q03ygTfzBwX3GP3WuZw4b5bhOP4k1dMjOfRBoYvx3IE=
Pc6kdt/e4MqUNrn0+GvLChCHLuDK99Z965vNBJLOSNw=,imsNH5kBi/+PeLKDBIDCT0tWb3ea9Gr6oFF9Uy3RY8E=,CUCsfbigCP1EgpC9iYJWLnq4mk7V7/WeowjfH5gPVhw=,737eLZ1Nvq1EIsE5ZA72naLj1G1KwAh4MasXerNvwt0=
5Zoz5OmlaZRD/k+LPFuiw3en276oxe0wFKgHHli1voc=,Uh8D2sShxa2ddBnJztOu4gXXuOVr7090zDDYW+3tGEo=,M31BjgbLV2mZZwM06ZDpz+U0AzgE6Clt1BxeZFw08Zo=,1JIZj/p9CNLYum8qMHC7b9jskbCFBSPpZj8KFo03TvwpqYtOgGXBKk3aWAb1iXY7EmFXdRFS+6ziC+15X1cFcuLy33SyD/1TqT0jFxCUScRFcnkYXIz4KZkij4ewiVxkCnR6uJD0MMcCq8PLag/TdQ==
zMLbLJ4eeEprGBrE/gUOmA/tVmdT7bPNA5ZZy1ARaxk=,B7xZ6FGkVgnB/g6p0LYtNijo7QXEtdEr7nQF9HfTXN0=,7LiK/K1uzVtaKnWJmY0XrcuqnMK2SnqhBvf3YSKHnY4=,EVRhRs6KdmdNXuLn6/sH3/lWg9GRV/h5715MOQg3FDQ=
RgUWHh//g1TKraCCUbrKKceWQVZvf935Hx2t9FCrxhQ=,gIzZxEKeAJD7oS4jmv/DuiqrF6uTljVcTxnj5gwFG9c=,nxLakKYzwDi1/F76hfKjhmu6m2Rjvvg8mij2bV8or7M=,JqLeguYPIrzRZOFtssyEQ/zs+1OvbnjW5RdFzNE3Ixo=
OWzFJU83hyidWQRIX+5wrtr4CVeAOpPV6p3whh+RQUk=,9wml92OB0q1QzO1y5lp4qaHJWLePQ0HarzDjOM5KZaY=,Z++lkM2vMdcClqA+TFX2CZebc2D8ZhSTP93dUWyhh/0=,ezT3fM9Cr7L6HBXVGSEUghWMIdiXozG8iQV984i7uQI=
/5aUbh+T3xH0Vx3K1VZhctliEebwJTtV1eYraA8rY0k=,SYS2j8Xwy07l8+zSIGJHVhLBOtBWnyFLbKNP2k9ZV1g=,TkYg44AeZDjSOI2meR/XF4f+a7uEVPYq07s/pHkksPU=,tSwJRMCOEjorlNbQjiNe+uh7OG3K3yVlG258aDXH+tk=
sELvLDjgsZzMo45+islsxYUxkDfOwdN+prCGTuCOaWo=,YWxi6xoPG2LQKTHGtF+kn2LWyMyQ8kxJuisQ2h1VfEU=,ajItZmNRzw6VtR8RP0m7gYZm59swxfK6l44q1t4/E94=,jQBKxL9t55gcJtAhI6Lm0jHkDJ2oAtIK9s7dNncyZqnCr4V/E1rY3ls29HSvpAKb
s7QCHG8HL9NlTBww2BMDzgideizUOByPXg5AfXDOYPc=,ec87iMW7pipwuFpnQevgajE4dzPje8WIHV3qMMkJbN0=,ccEA8QfIlMc7LnSS+ZtaKMbvL8AvN+qdk2fUBMh8Igw=,ybyennnUmEL7xXMVmOc7p1ZDSXjNpRDe1u07aa76ZNI=
6xqfcKYDrGi0tXFxq9mQGj2sv7Y9rHSuJJ30H/qkuHg=,Z/MNwEDmDuRKc+eQ8OwvOVEx+6DIC6TTsknta3j0B+A=,Ennn3gxWY13Jo3B/Fd2lNUKXF+yOgWZ/IYPWvJeeWEU=,3mN94NfcX1qRraMqd6y9d7e+UDFy69RGQZwfBTw/XVQ=
