P9UxwXTbPGM9uRmETM7ZMdjI7BDQOM0lOwmixxm/A4k=,8YF558WFhKdAJd0aohrDCzEHHSqxR4X9PcvnjUQvW8I=,JHUSNZvI/SeW48JSQdkEznV1mxL4vc2KilUaQfIQCDM=,3B2PDMXsf5GSg9AOETZFF9AZBlQT+Kw5QRy8D4iPTDs=
dzkouJJIqui0pjQhBwYSEOTaKRV7xJN807nvXzC2CCU=,P7Q8KmrnWgEWZ6meOmJtxc3s9cdcfgDyHAtvPAEGxG0=,kidof7gdTW+JJnmMnToXq1QADMzkPUbjf3wFCgRBboE=,DICHB29Cqg/qzGOpoxv2KtRVWdFXwxjbQEvdK8zgChU=
jqQL3gIwaxSHIF4pOQtKp8Jw69XAianN6KxQD++ZXuI=,cVZ8Z2aavR8Q7x61IHfZ3hnbfALkuf47mri9sBWoNP0=,00eOSqpiQ6bfplOiyaCsFOzFPXxpYb0ROsPEsWVXfmk=,LM5f0kR73p2R1qn2OdqzrLenjJtFYdduFuNKHwqB8Ok=
8YoW9/PxSYV/12ze/D52tN2241n9bmB2rcxtnfUJk0c=,R9RFZ4r5JhZtauWBTtSKKSlRhBi0ujG6R4WkuVJ7Spg=,OOuNPxA8Loi6ZAfq6oGka8b5MnAotkQTZtDBqeQmyHk=,XNXLNvspy/0Ma6kXkbonIJwZhF9zkNBujK/26LPPk3g=
7pogu6zBi+S0nPbrw1bczxldLIDkb9CjnGbS1tVqGBw=,daaqlGcASYtRu6kKTJ13htIftDkdGtGlA8xmvxssfzQ=,wZbU69RtR5a/szpkVi3CjPLl2CC/rfGfzwKJhkewk2k=,cBfVL3yaaD5Bu9g8nN9ZaE7tH43MzmyWVAxl2jxfivM=
0t9uHbQ8v6iWP5mQzBkHLjmZ6aKcaQ++YZ1VXMyhn5U=,NMmAbwWXtQ+50iO5YqkrPcTeHEHVQrTt7QLFY8UGRwQ=,ssEFlh3t1t/sUlMpBp+8yJsLhAv/O5mM/vy3StGrTnQ=,MG09nBHoBtpNSnAuWU0Xzvnp6AT1y/snHBL4mHzzkTc=
chRU5nb9J7iypfhZWlwnqzqPFp5CKiYbKtLnuzWUMOY=,Ln6S/Yhk6hU85x+yoJgn95pjpr6dvRex3+7rgFsa3yM=,Y24os3+W9R3F5vdi2qJX038YOghxLst19Wpv1QadTrY=,j/exs1QMuzWRoCgDJ9LxClKzSPx11Ko1788F0LpvaDiWeas64rMq+UE/7a8nQ8f0
BZPFmYqUenEG8g9ecidyhLqgVz9R/pXeoZ7DgVqyXH4=,r+EvtxaECH23AkwHbo8upzZ0B4kHbKfbjDVR48IxHZY=,9FNuDKyUAfORNj1wvyPPLkZdxu424GOHVLLx90K0zNg=,Yscg/yXGt7KYbTRElqvBzZaXopGx3umHgwtTxYlLoMQ=
QNxA+D4UsVKxiiYqf6g97v4swJymC9uPeN7ARogn7uM=,fVIW294WgO2OMhBfpcsH2Dr/Xd0NwjnLORQW0e+CPZg=,6miRED/PBgCGvXY5K+zkBfP57tkg9TalqdDproNj3P4=,VR1eJPsrIRvQvDa+h3loPZ395w1pLTFm8+1/uIZFfTw=
k/7obD9XcNIm/li04lkiP9KJUomtAzaPZAdyKg/Af5o=,kSni2k0Q6l4cctpZsYOuD3unoon9cE7iLGgvs0Bj3Ak=,myEAetbcK1a7InQVsi5292kDmmhinfHYFVF8H9gW7HQ=,RuceiQ/rA5FGBLG6mq0qgyaeLplUROGnAEHrEzxCinJOhJ5d8WWkxoGYGvIpCc/Q
QWgsiAxe6bKbtpUqXJiq1o9nku85Ys679I/GdFBVcsk=,mK6eglNk9BZoyCaalR71+eSgECdDYx11LLl3ilpbbIU=,mRBa5svn/M9z5li4TjJM3tNh5LEOI54076Rh4Ej9fEM=,zyWewkgXZcLpOiW/mzKUvqUHJFXSQPgYowwxPCF0z1o=
2JpBX3BtzdTbzEaOglUXIVst3z/Rb6VWTWNBFxE6k2g=,QUKfJvw8wuqkXfFN7qYWgvrUFJPjL5uiOEw+BKJt+tQ=,/HPP7K5o18glbrzLg9pQJBlTBd2eKMSdOVOORNCyinQ=,MV9Vb8UY8MHiZ/aJFrZxRRxZ0X+EMm1AC29eil1ksGE=
9IZsNvrG5X6fUfbbPy67QkwTesZZEUAsoitk6SgVfXY=,3vdY6O88OUd05x9hsGmrBh+dMA1hLhsyXxzZRU4sFg0=,+j6IqGiBTchPsNFvsEeueA62/+u3RedTBV0n7nJCmco=,wnoTQrdf1sYQbgrkq+iZXHl3QFgNj2gbbv102rTM3/E=
TAZLHDDPGvVAuNS0SB+bGAvHkc6Q2RILTjTpG7ImwVw=,+Z8JJ+ghsU6YMtQ1XTxebJzzLHaSUP0QyIJeCZE0jCo=,brNct/wbyWZeQMJnDj+4dW841J9arzAxGJX+3FBZ6ts=,U5CJMJhS0JIHeyLEz83jBNPmumtSKRzrs/4oJchbOME=
VJRrivfWH7sxNR+yK1Z4Os8tYG6fYjNSqBiOZAq0F8c=,Lhax1RurvvDOfZSSOupHuK36GHi7Wg3DmVBxD64eBG0=,/TZ4WEQZoI5egtxu6ZUr1nKUew0fjy2NKgKKPrgLflc=,QrwQn0/7uE+T7GI2qL5piTby/BUhAjT4XR+bMyKVsj+RngHnQSCPgpZqLemAMV1D
h9JNmoekqHLFAbrDjBp/knm7o9r7Z41AkXVcBSr/1N0=,cKVfNSgR8VD5bwYWgGhEiujc2YCDuHmuiQ4Nbk8eDMs=,stmGkEfSWmdQ8vYOaHmN5d1pcvt/ROIWUwigQo2SFbA=,MWlXCLSx4cSaIw/5ccSDsz44mVYvTKFNjMphc/oHfFE=
fNT0yVm0McKll9Su7Ihv/hHcnfDe+yL2/c0M0jDwb00=,fziNk2DQfAz+xknN+OdRt/w5D1ZkyRf2yDBcU3XKLeE=,Jj2O8YyTDlpHPFq8/64Yl0tm8+ZpKgAs/D4bLL3sLSQ=,/ofDnwXMCHiU0FGl35RbMpUP8z/nxo2j6b27uOVhCrg=
8uKRDjRUwqG240VhawwQLyhwPsBtv3haI0K5ZR5pOB0=,nK5k2+3kGwFv/Tf0CWkkwiO+hHMK4yyRI3WUWVUzl0A=,N3A5nlEc7r7LaDF+nA7QLVUMojlHtAf0/sAb9EUG98s=,25kuG44pDWgVpiGFkXTfdVMCiJmT8y7S0JkULkngs06HTDjYm00KYxsJKkB0OvaC
lwhZ0NHWVYMxFj43Nq0xKj0lOH1f3A2jcaZGTegn/5g=,a6bb4NzJyWGBwYg4icXhZDcVjDxaqB5ZIbUXRBSdA3s=,QMiA60+xWBjOt3JUY6IlxkoE3BY+KpHpUxa12JkOEo0=,+m9zVLGqppJm7hr9ql9NJCela+Na6upeDt1XntV36f0=
NEgBJYe0Xk41ej0OkOZJDMONgIRlDOVbG22YRVw/Ea8=,7w7TdwEqJF26K1nOTfCSSdAgimjzkQgmrW4fhlmoU10=,cscM8LyyYozox/x9qIAF6mK3UFRMdBZllH11d5sXxwQ=,BA7wwxxOwbByiXLHR5xZmKegMzpWVZnMUU0v5D5jpls=
JmFxzgBTKMnKYwtB3Vc9Sq++nzbOmvkApOrVU7JiUBg=,SQKFR11w/sZbVCgUf9cH7hUtOeKMIBjYb8ZXkzI6RoM=,vnznOUODCjb3vxUc3ga1FR/n1PbMk1tiZyvu34dKE2Y=,OLXAxEtwNs8BajdKMYBCtntUoPHsY48E62vmrIlNV74PaK4D69yGTW1erA9YFUAk
FRIAEvbsCIDWwwbv8A40eHxac7BbB93wt87eOvijbYI=,fyBI+kcyQiNV1/o7PSP6kt5WSUvWvPXUqApOCqDFSOI=,WdEirRdXp75tHJiND3P8jQriFhZ1kEPi8ec/g5fP/yI=,ghfTM5lS0/VzMeC5tEtdFUbul0UHIgWE/sgZDpSEL8Q=
r7dyH/QMEiG8kHRQ0Y4DzMKph2FqKLG4b6DIlU+V0yE=,m376kVVP/vyy9LVNSge/v27BLJZlpQ8LHji6ReZznig=,z74GUwA5nHCPQdY55Fwb3oLtBAaHyTFOElpLZOp7YJY=,/Wa7kAVz1LvlXhh1dW2PkPlPqgjmk/O96DS8H+qfmMw=
esqhNU7EnWZ1Dn6IjU3NKJGHv88stfdNMfaROkneqsw=,W8qLKHHnnXFqoLT1AN4rR1VWlImKkEX4ElZZD3kI1ys=,dT6L0srKTuVC2DcP3H9ILIQbwP/xrQ1gpJc36qUg4mw=,9Yxm0hT16yYHShrcXfAsDUDYDU8Vvq+dkm+qCCt9CoQ=
N/RwWZsRKQxw6HRAwvXfIIVNV5X/P0NTvoT8BA91EWQ=,qo15yF2Tb0FZkFUIhdi9HINyQUHiRbLCGXHTFNHJPbQ=,gwlbtpaYbeh8cLWJCdOc1UW5958pGnLyn2/RLnmPpDg=,656D8j876axqrSrF/A/y3CbAjlxZEx1Tdcp2Whbyj8I=
UbZI+E6vGSkBvrsePTnPB8Y20sKt73009XeEfA3Nd0Y=,cSyA435mHEKj5h+LnOfwVAkNOCsYSMCpmswehkXQBfE=,yAe5+LNehhoeiP9ZkJyIL+z0XalQQG6BS5+kOIqqnqY=,S5pJdVOXmaptl7mlNLSK/285XGYmTI1P5B2YnXjNc+M=
sUVRSfJPuVpXNNXpcDKPKW4Pw3hGSqUWFCnWzwdxLyA=,3BnZVeNsOCxGhfzPQON+Mxy6GrSHqtTlDJozsg41kMk=,1tfdcLbgGo+C65Z85nbY0tCUoxgVJOLeDbnUjtVwNxY=,S5/bZf7GLtrzrI7/WpNCAFgvzhTNEKM+cqqJYRiAKow=
u+9dhaVHtmafVxjN5Lg1/T3bNL0LpPHpdXQOGqwc9xk=,j6KHEZDcnXk7s4YGEtxhoE8Mjhk2g627WFCdqDimEW8=,dNbjaMp6idU/DKYo8mNLW71Pvbd6ZaFMFl/rqgW9m7k=,TBpUaylQzFptdylYlRO5aus24l4wOm6J2y7fLiiRtoQ=
aBbQVuu/4fdvMVDntn/dbzVtjIBgnfFKbyXiFGrizFU=,aDSkErIGLtSnxXCqSGMc9eC9aAFOBhGMETtqWXgo588=,hMbKwRCZLPz9UZTRLm/kxWQy9KywtfaTKLLUSfTfPg4=,j04w9RfdNpuDGKkre4mqQMPMIkWiQdOeNeR6qOAGpZg=
aFCGz6IdPY3E9e4yvyHUZOA8FGJoBBBssr/E3e3OTZw=,rDYD/gOpUhZM28WvPdF/Z/IgC3HTW2KptAny/xSw4AY=,y62N6FkwoYtOwIH0M+NBfx6znN9sijrJuw/3KZ5lM00=,Slk3AJ6CLgb5DcSODIdo/RebKvllK4w3p34DcvzHukM=
mU1N2gjV5JRsp11DqHSlOPTysWKPkIgXdHZ+slYMY/M=,8jN/BIVYa529jltDYm4ZSttLpI+UHWsGR4dCQ5JG6C4=,B7i+HaayxaEqRIUJ0XOQH6yEVSWaHf95JJlLMdCXVSk=,WpDOvWOEBgoF2BHIij0Q+RIevhSwpao0XnUsLG7R+vw=
m+TOT0PNgVCVBRSPE/tfKFSLp74FgSQYxypSRcYrsZQ=,9ZdJ+NmnQuXRBtijMQOMGh/bzxyl9avJoT+fWX81LsE=,wRIvwyHu56HFTRfyyw4AV2S4k+gakZTaXC8q3/TqVJY=,FVHlj+EEnOIfFLBom3zA2Ts7ub7j8lbzI1z9M5paVYU=
rulp2Weq5e41e54HJkOolYEQh42QvCJ/TwBdp/e5vFU=,uA3l7W65r8+MMBtgTEGB5MqEA6SpJGZlAbQILDGqAlw=,852PAPxt/A0cKSIgt79V7yQZEjzNbAmKUdcnpjainfs=,D8zaYjtkk///YNRSTbLqpFhFh/w+sFKLtbt7+y4XRvU=
Xie/UH4neU37AeMb5f/i4W/yHAisaomf/fxnIWxcSRo=,mB0CiqnWJXJec8z/Yvu6E5rtLTelamIKaEAXmjv4VsM=,9lZf9svz7ceFYuzPp6Lr9hRLKOQfRKxGWQtXEiTCoxc=,KRLJWt/FNh5GV86R6enLGAieQ7Ic+LtXdPbH8wKdxig=
+Le5Qz8uDswMEulz8eQ/mDTw9Rhx727TUK8cH+3BGKQ=,1iAL8NaoN6cecCW4F7w2vaU/cAns6E07OlTRk3pqlxE=,gkSSrWZPWR2eGX/NxQzCij7cNM95PQRiDHJr/WWPKds=,bM9pZDk17soCZecWYmQWipnpHo1FRQVR6lpB8BnBvdQ=
h42mQyUAWXaQ36a3SoeQHnaFP0ACrM2gi9Gy+nlxhdU=,uoT3x5V8DQg6G6XrcUZ88kjWAXnLviPvJD+bSBvRCqw=,kxysDVaoLpCzM52rgawR26QtlUf7uVRPnvsKU9Ls5sE=,RMSRVh9N0j2DLw4h139EDu6QQV/MazThUZQ33os3A70=
zQX/oiM8DbBfPy3uTOZ13jNNXE0HTTcaqGWCqEbf6rM=,6zH4f6fzbNhyIGGIkBXWQTnt+czZYxdVtic84iczdIo=,4q23nVMVG8rZdVaic9V7xQ3eDSTMLfwG77pwPrCm268=,8eBUNAbPmLCPKrtgaXlLuRqHdu68iCAkK4yCcu4YAR8=
xdiKMgXij00O+fjVYh2cGIicnn2Fut9RMuYYHykkuUo=,mqZSpKLHyGvHj4hMEkYNQEJy/bqWimm/oNv040k7vBM=,6iG63nWJnoX0g++wXT78raasbB2NQ1b8Ojerk04ffZs=,Rq1lE0Vj/S4yiIvSwkvcde8zC0q95gZJIcTI+jldfj0=
Cn1LmclRUVXaDaL4yP0Xut++ILonWLnp6yoxnAcKNiY=,7SWnVe3IyFGWPaQ9xpLIOORsiFBcnjDCRssBdJ6sVOM=,RbBBnkNhPoYLx5K27FXfut/rD2yAFLMSbTo7HqI8jDc=,4RhdiFNud4vtDtaBHEM6oYRk+9m2V9AOaThTkMjvwd0=
4K6NfbKtDCY5LLCZArXvAk4C/KND/lLthzzwvalVJJU=,GU+ZoK86+ARy/1O/c70bPcqiReJZURhRCDQYru/ydUc=,wskXZzfPlQ3GO/pjjUeAy/UVUu5J5ox6SxIQakyZ2oQ=,I8YkZ1g2qlD8DvPPTpZbE6ynwtRKKFCUTbaR7kSXSMgPaGtKL2Mzl5np1apBreZ1
88ash3MaYaI8z/WTVzSHC2p6NgVzoo9bSFwIjCadUlg=,qRaKENSClBY0Sg+VHPpfoG4C90dsqrD29sy9IxoyeSg=,2BoSYU22k+Y4q2mNOGwtjfx4ilEW1JLhg4jE6Dq5Oq8=,qvxh2fKoALfAfJNQhSnkA65OuP5WuBQBJzDhRhLUsNA=
QnyjKMEDURd47DTPxXD96QJ77vVSiZCgSsz0/JtVSR8=,3JN1gjxu+aXs+shr4SEqjo1tWKdUH5B7+o6Jf6kQkYA=,KkX3Ha1g97jtDuWj7rmx8sOgq6pVMiXV+skJ1WHeLXE=,mOa164RuCRhbkLp0CZDzr7lwHClZpCXMrUTXbqyNObMKlLv7crVAW4VYyU4NORTF
wZVZNyh8BF96g+F5fzTYf+yhtNdZh9UdYSreMS6DZJ0=,LOxa3dyrdMo/Kp20qANHtwT5zekhd0tfehgDI5CEHqo=,qFLjnMiKF3YjtWKK5fyTe6QTXcYrp7s4AFKiDm6czUo=,W5ssG57QnL9ffcSLCgOBUIFAO7xP6d89Zh0BhJ3CA3w=
/i64dgHS3A8OzKJ84Q0VB0KMrXDERFrL9pnnIQA88wM=,00z9EQAki8ngWXHOviCC/zdewXjTo+LXuS3wLPAkhzI=,HrjTAJdOMozNXmb1rjKPh3/a73Nfybfve/f6MMCFQb8=,amgdmiZd05EksByz/cJ5ygvmru9czPQ6su8vKOYeQ1o=
C+nyjC4Xvl90bYMqViM4HpH7dPIUYCmy3gQaQ5jWI2U=,G6XIlIkczMZiSaoawHQBIjqYsZ+C9jsnnIHeo5CVTJ4=,xhh69NoC+AF6jLXZFytHDvg5nwERLwLMZZ4qCeDf9cc=,1m+JtbhUkTc6mMcfzKMFMyaQlxRTvq8xs/J1uK8c+SI=
E2BSVc8uLvtVhRzTvlEsZBW22v458UbwgoEG7lfbXPg=,q07gNH9SQXLapfS3o1YWFfsuAoA2jm+BZcOwuUMK054=,WSClSHMUI/DtMOjmVMC2rjYhyn+G03oXLbOVWeRVP9I=,OsOxcEdOgz6ckoS3tqagyb2QB6Tj0NiwGMOeG/cnY3Y=
LvGpkPSf6ra5hPVdmfBaKkH0jIQtFGlbCUb1a6jcdaM=,gk5YaFMgnI3Ivza8EIVY0nzBA2yN5of3Y3t9w1qSJ38=,b+PWf7e2V+b5HX+DLDsS628riYXV3vby56V19TSQUYE=,16ndDhYUu9bOl4nFshmuuBeTN/JPO5kYsgjIYFbAda/ljUSmjxC97vA6gF0Kpyb0
q8yS61iEz/8Fn5wG0PjKe+vWxfWYfO6RT6IzMQ0RpIk=,LRewMz3WqcbAXPQoqxtdQ84DDiPcltsKuhnqvPSEqPY=,UhSbvhcRmNAUet7WmU+rM7Hex/qFX53L2dBQ2gHR6sk=,/FMrP4LP9Z1HG/6HfoAGeg08f1LFXJ0aylC0aesZNAI=
cx1y9uIvEz/exmK6/X5uRIl0xV0XvqXTePjJld8b5bE=,pT1UGGRpdQWlyENade9mT4Y3PsiNdfjkC/uLUEcjZbM=,3GGy9T9ON2Nx1p60dxf4jfqbLV6dq8I4zG0ycdyAf40=,KiNM57nm+lF6I89NHA8/b09vEzSIZBrDHfKUSHa6naw=
Cfl8OnUtPKjtrGm4lKSGuMw5Ym2VXHAxT4YFfRJ9elc=,lCYiIhKK+ydvU+Scbp/aU2VOY3eYBmR8JqxZW1gFeSU=,YZzcCGbEn3ZLYltYdcDYil5o5dDDfXK4W2dGFJrgelg=,l8kkpzd7rabUSs4df0QZchYq9zNI5XdWm/eu8O6RO/k=
m1Q5Dz4c/Y1CyO2lNCQVeHOV+nG5l/x3mGp0dAmfyzo=,vZ8A5c7Op95HAzMqWe5xSLIdYQJljScU+Y25SuJEIp0=,E4M905tRrgKahdJ7bHwOdbyYrnGtJDFYlZhZ366dO84=,a6GBWSFfnz4HkxtGACXOP/KuFShUQsk2/irpbXT84+0=
sHp7R6P90LgueGu3xEBD0NRbmpawKfGCWTSDcbTzv/Q=,bKJXDBVa7VFpSxW/TvNdgWs56wkUb1heuvn1Uh4n4fU=,DUahKIaVBS25bIr7dGyQioT/6HHUDYs/g2MkKlBJTVo=,oPRIyU8ScoSQzR5GVRNQgoyMeR8uBKqml3sKgqMo/1c=
PuhpYg7hSxuRTOB4hmMvbWCiXmfsDSsarIz/OXqSQfg=,FEW1JzAu0IXEjk6HjpJCIQxJnUab4vxs7a636mZyzLA=,XesDobDQHnupsXKrzH05jeqkaTqFFeXMzAoXi+8WKhE=,E7jLO7DEz5goDrPwoQK1exMTK7YsNduvE2VSGuYAE3U=
nTCXOmOPKn26vjUpBJBGxZ2iW3vlh3VGCOqBNuuIA9c=,8Ksf4JgSpBQPl5J79NmdUK7Qmvxcb8r8VPM/IgAVVfk=,6LxqFH+2K+a7KXr48HE/iSi5VHMVvgqTYvMV3ZqNCm0=,k6FzZwy42BUtny9w6YincKjQcqYz4TVOmEpqndy2jiU=
9YH1ZQlkMXCj/0hQtmR0LbbFxTh8YzHwWYAvCllpmCM=,wyLE238lX39MVFviOQ30VBERnFtKX4owggHsA5QJ/S8=,dd60UrXUPMhWZhaEphzPDH9C/vY51LxSd0NJwuJBjbQ=,dy9QVwfJmMkfxM/YvxtrFrWzCOT/63sjsSGMxemWwgY=
XhRAmNu8Fw2JNsNToRvMKxtOJ25yQwOHfBMAVGgPGSI=,I9Gm22yFmgjitt8jzrpL3BEItGnwaNCzRbi6GJM89aw=,1RQWmLn8M7VDnUbIYQWAybvElYJeTnKDoMN9opXGWeE=,oKwiqt2jRkFx+YRPg1Ua439csobmhMjjD7ftvIgA3Qz39dLB5mHjZ4v1CjsrFuqq
fRuhQHM+655m6xx2cfg2nFqfVEMTYgKsZfc7GxBMPls=,C0xaZdvm0xl1gdA8oDBH6NAYcbQ7c3FkJjdaxGvujPs=,rjcENFsmdsL5ASx6nK8+BPr7lwV/xD/TPrS8qtWJ/z4=,c6ifH4Qq+6H3ohfvSNDGoaOJRze0VhnoDkflaeBG21Q=
Seg1wd2YoOU+jBfmzzKzbhhEo2XQMs+FQuQ7YXdoWi0=,wdXq0IlYrm9ygwXKLYcg9U7bUUk54CEUjT7+tEQoNsM=,6NzjNKrZ2CfrSBhELWMmTq1adRZZ0azEukdyKrXrbAk=,4+AD89FUJf6PtCB78+ErZ2NZ1NPmfoQ0ectuVoNbThWreek54zNmSHYOu5tw2QHr
gtOeTgLBtknJtMQVTnGyYrVv90wnhhzo2/zOWPSlAJw=,/8QrzXKneyG/xgkvQC+4SfeP2US4o5qQX+8qFUByw/M=,gkmLm7jH/Izld8872LtjY9NVdtm1KUnWaZlQuGi3iBA=,I9M8f1or8uv+FkGzlYvwNWtODUraUVibi3/+FBp7meq8KJmXDwL7MSbA/H1WzfMw
Yq+7vM6mzLAj6DuoE7lB9OfajDggxRqWbiCqMXxefsc=,i7OVS3hVfwe6/96CdBV1ipaBPictM4sqB0/bo5EO31U=,bY7YF1TS1aoymql3b005cwlJ/uBPb7Mhv5vCMFKK9pg=,7290oZaptdJ7alSlmS1wSMBYP99cc4phq9sbuBzu45c=
bPBRgUo5W7dH0cMs8bRg8jIoJuvfAvEXPOIWvvH8has=,JfALEFGzL/3UiNj5l1cruzrKMgJguoykXfwCAEstTq4=,J0P6sGws4hIY4MLxMwwk4H4GPzswYigl8oNFoY3OFb8=,8FjGkPz/k6XYgj2RioLcJUEy42cbEICHFXIp24rIianDjpeLW6KVCDcylc3bxDy4
qK+LRj/HLNczj4pBqTqbjdjX4M7TaLoPvpxsZBsUvKg=,z2N9xFyJ5uxFe82wFgeLcb3cWCW/MtRcK3wvZikz0xA=,tuC5PwfHSCBq9nnoREhGeZwZBWBZJVuVPhUsqFI9Qvk=,RfdolK3iZcPyJgAQ5fywV0zU7Oaywwqfh/WjlIdOr4c=
jw3W/iJBHDcSHvxtiOTPtzdr/THDusfmJ+mSWV0YKRA=,hwFILIH4XVTDja+GH3JASf51Afj04x/EaYI49ek0r1U=,uwXsnKV7V6Pi5+cR5TA1mWA3KkBLj8l1X+9mmcWItlY=,e2kIYCkTz4NEIcZj9NZCUDZ04aoJoy4C+eqqeJPZ5QI=
w6QknsfgXbTp7RfoEHw2IeUMrNbXfowYKvxTNJ6LsLA=,QsPMuZM9hwriDqlGgNdug85nathzfGY3GcpfzNr9dfk=,q4BoHRJwtFyNmUT5J9E5IHC/x09GJ34X4Wfzn5y/WoE=,uIX+w9YZZMu93gRkRRqAyOYMvVnhzm5Qjydc3Aaajks=
UeqyrMnYblZBCjpiQT6Y00LGkAhkEzPBeBfrUHkdqJo=,h8xwTLWBzL+ShcCWfka3CGjZQh2KuHfLdtZBJlamIsQ=,lp8PcUyqnsfKU7hpFY3QBpnAPEPl+UKFju++vfGeRjM=,QotQUPpqh4en9YsfF4PpBS3ce6+T2e3OOzFERYRFVOw=
6C4d5ptBwC71T/bONjgejouCEb1dKDDFfdhhfFyj4jM=,XwWagGtFLHkVXOHTQVuQloI7CXWpn0GqAwN0IoZM+FE=,d9PZpF0q7L8eQbYypl3M6R1DDwYR0+o8lCNPY7ywOIk=,l89fAPORJ0XRqGAh/C8OnFLkyTJMCXRG1z3dTHVVDAI=
hjrxUHe9nBezNczHR/XnfJIwZZ5sa2MGnJ78RmaAzik=,JzkXjpcy9qIsV2B3S+8XQIF+C6jpBnXsxgEvDNIwGjY=,hSclfpujWKF/1iO3+KdXFCfyKFMg58t0rtfPLC+hGLE=,MTMIjgF5wtb6xVXSomWylpUv4rWgH8nCNgZCAq2n6mg=
IA/rMyzIEzYCMIqQigjU3wATehktN0pR+fnXJaSDGBs=,rpaO1Irh1GNSJO5M92ciAApOCO4FCjpBqwyCim69rBM=,sLK/Y2W04w774MN25486xUh4MZ4HVKNvby6zi/vJrUY=,Gco81YdOFPsvSxO4jTzphKkYcAUZqKwa4g/ragx/5/I=
R3v54kv7OEsBZhxDM17R9LKGgeDoPgu7OJNCtjVSgn8=,sS0vS3aod83iou5qDIaS2O6GT4kmbLC2olOpOklCmtM=,r4aPIXwBh/WyOpDrbddnMZ+tPCZfRQS1HwGyRkVdH5M=,SHTTRZKR5fOhNMeYTJNcpUf8vdEhDed0YJQoq4ivtN4=
bXuFY3MAZDnooByfY0j3zhxK3CXOdBUv8A7Mlf0UiW8=,ZwgV/2umVh65VkHoYqtp6c28qdwQnB+ircCdZCaxtsY=,vrxTTqt/9qgGndIgbWTzPvB7LKl+0FdP9VCdbkruB7k=,2sm+eWhiS08AKkaIjXPBlLvQtre5SRFK09WTKbQXIsY=
usvnNs5cAgpRYbk+iuJcwWoYamMYuh1KCBV/5+NoVE8=,i8IAVuAV5B9aRdugln0/ghW942FiyBBZKtfHs/jTEuc=,FlC25W0vE+WgJmjUazf6+JI1Ck5WdJMfs5VZ4Vf/0W0=,eVTPVKLrbbO3tdc0V7tVvBmJTs6XYNirvXQng1ROn8g=
3qHy0dmvxuRcVecxmgkm1mxhjCb9ifBpOjUcLgjU8JE=,hipwbM72+i8k1asdgvYhM8OYXbnr1rKI8dD0e2jVJLE=,pcelqXHRJYlu2e06jeb+J0AjKJWr/9OTtRVUnEF75HQ=,oPTE0QvIYELb0opi0nA1UmZQyCmgumSaXZglEW42CDA=
Qhiz+ITCD5uQKqnHE/1dGpxPJAmifacJwWwq0ragogY=,eACrsu+JRMVXkj9tmC9YAqj2ZYUv0zkokKCuvxReDaM=,YM/iDVaykLbJDc0o5rZXwAivta7vlz1qcqTX1C/c9fo=,LmMsBMd4iqWWkgv1+eh+aq7D4WSFNDfr0kR3pjC5LB4=
l1w8Q5LsN6D7/giDcj9flm9q6WRK2HgOILFsZYVB3Pw=,QlUyFP9e5h7vIS/D9mlkro9bQy/ZzR7rwB5rhfOTUAw=,mNmHqW0FDUh3BN4Xp5IoIhHTNsKCUMQwP3xwzNbLd1I=,TuPoWHID/SPRZHHPJqSaXTNK1NY7cNTMWR4AAA2U3hw=
OI8z2n4HmCqYnHG3uCsp1FwCgelVChkSxy5gFZrzXt8=,p4n6/LM+HtKmtQLFgVl5kPHqeDwChChwtVchzWSl8Ac=,IOo0RrH4yeV4IEQLFu9tJ5to9FD8RXUbvMSOZwkuEsE=,qXveANTeXXVIhtnR9yTsFnGdH+oTAmUconvie5b/A9E=
+EwY/XfyYF08fSDmM93SrIk34HDvaLl08tKNdC93dAo=,ZTgRgSncpxIp7A0Me2+gmBkIhK5z/oHS8mt2r5vjqu8=,RBi+AWZL1o7OhF14YrK4BxiraWThKnyGhM2S1+YYfUA=,OUDBon9ceB4YH1Wu4++fqMMedyZm53W7lNF3Khmu13c=
stvu0DyGjEpNDNJ9nrrBJj0+ixkAIZ4Vd2kqFh8YfAw=,y+itny25YZyDXxq0R+BSssC5KmXxMR+Hkl3ACm/Sitc=,kNWaoI4d4d3TQKJ6tQbfav0nNrogazOs/zoiB+zGIxU=,4FMOGLfGLjNEUdwQQep2EvIg7d3EJc65FukWHrXWMNM=
cJuuQp303IwFBVe98BE7QxfWa9oqDXv0F61ai4P8VBs=,u/yA278vidffD5O3i3KLblq/Id9zm2d0mNLVEIS1oJ8=,CMWTByxw2CndRUrIWild8QU8NzOzoGiEjEjj393zG/c=,scrHmxe7zaPsYz7U+DdHyIZbXlOWPbMWs7DghXRUrUo=
F7aYnKE2GoQw5WCvDa1+8ruVoxOe3X/1ArnS0R7xAD8=,SMoItwfieay/rCKjegsyNCw0wd6tljfOqidhIjn6VXg=,wt8od/5EUBYNV63M7h7tPlWvTdDsSPOoHAtfKKgj0C8=,/emjIxi9yKNHieT3VBYx9LSKj2x0XvrvGJjdtFJClJI=
vWDAoI2O+OdpcnUZKay8Aus3bWlfPJhNzt4OTExtXGk=,FpIIq4uMQaoMoRAmwaAZ8rRI7l9NVm6XYlT+ISAaZX0=,YRI/+N+sPH/HO5O1AYAgjUUFCYtMM35TRwCiIJqkM60=,Vc2reduDiMjX0/3pfoMK3988xb4KYgksU9zH+NqSKOQ=
NiL7upri4XvgRBWgXkyPG/k9kD7bKVilpULSSDBPWIs=,r8B1Hr8yN1XvvDINcO5ECG4abeIo5kr6LaJc+1zr3ws=,e5i1ZAqFKMz36RO8oc6/tLOu+s1yRbqBT4nZuM5ccuk=,HIcH7M24WoTsS5zucX7jpBdg0LZxCO6kn9OBHpMvLdc=
Lme8pFrUOwrsJ4NqavS54K4udMLUSj8l9zJsln2+87U=,9Vhz65A5q+8X9CGaJ4ti7gJAuOByro1z3f2NvXX0jq8=,rAq+Igd3QEbaWnZrWHrngGp8xgH2RwSbUFKLizmCtjI=,IGVNjrW9jC+s3vu1hbNmDzSVD8SldJ0nK4yAVvNUhjU=
U1bFsVsIcJlGhSC0FdrnJFl9YYNpzG8seoVZtkRWEyA=,F16KsalG60K3/4JPdWmQz27ncxGX7qli/B4JzInLOBE=,LhJGSk7ew5+ftzu4EP8n1asxN+E5UeD/t33MB1kIJvg=,PytIbZZho/fJXbOFluhPn/KuP1cgvangk4eyJUvre68=
4qQ7CwaHK8EniHxX2/gAtmJ5995QRss2woV19vTBfeo=,CwlTdNLipY0ufJ5hm4cpAeC2FP8gvS98TL/wjAWcKbw=,23onuk+Gn2A360GoQXuEW0RXBWEUrzkRIX/n6L2NpjE=,pFW89WXt3dXO8giEvGufqIQpsAurByOC8t0xJd36Buc=
7mM2RayurIPTfhrXFf8rgGWXLDigvwq6gUE5dNFlLn4=,9ehEoxMlwZrK7xOWTxEQmtP7RQrFytco/sPIRlECFjU=,xRKJviOWs6R2JUdRH7iFcMG+g4pTzOQjvP1HXay8igs=,jX6m1JlUO2n2zEhJI4Sr79IlcKqcVF29GaEqOB91kaU=
Cwe2eBqQVutMt8W9h3cQX5W+8OGnewG3zYcWJxbKDhQ=,DsMQJb6QecNOp9RA+uvi+IrFll91o/08897csvYg6jc=,SYc+Ndtmx0oqRsu1Z2M8bJ/zGV9TT/PUzWP9t6XCpGw=,lLreeo7iy5Y1naQiMFTSxZshrJSfl4K6Gs31m1wlfGQ=
DZL9f7h5iabdd3jylptBwzGr63fEXBtA+JHwA3OJUrY=,HT9RSxbsRTEfE/8v7W72YBFdlerwAEagCBK9bqUtlug=,d1FrbcRFNZx3mw0fjmomeL+RtGxaoP9zsW/5GyVJAzk=,zex0CtP5qS7bviiYG1Y363cwU5L95KtN3i3in8sa+fg=
dZpg4LNXptpaPfJ064IOwvuTVY1hFK9US7NHmhCYZts=,SAEWOaNlZJACRhXo5Q2w39PpzKehTLyJU4vuopq4sN0=,ekQ8zlbu6OrH2/DcOdbOHn2K4tsoHJ28V9ORw3WcOkA=,/RpO5flGmV1fV5tbE7+R8kSn5aB0E52KtjJkvbRJjiA=
gUH9rzrPZFHhmZi1EFIEMSLzMbfwCTCcjQl9uueD6Qo=,aIh0dh8oxAfqDypLnggqiAtp6MhqZ+vMdGp0gBRWd2A=,Drc8rLHadOIw4jqEKZNDxpNiM7Ss1GNuPX3Vk1N0BK8=,KV/MwtK2wp3XLpO68fTwTCaAb87P57yJt0JpFJjUfvg=
0qA8xi8iiB/ZqGpOixMAs2HpkU0uA3dyuoQwsbcMf6A=,nrkC69vc35w59IuIV+icH3p684x9ruqoEnLi6V2RIkE=,F5QqXn/Ucd/t7w5EwEjCmtHD6jzFoa/oIKYHQMUYA84=,edLCS5AS+mjmk7jZ6aXF9O1uf9YD2NZYybhVU4X83kQ=
550tL3Iwuc9pbTOHQ/QtauCCSX4bfLvvbrPoYPfY1fo=,KUaR4GC0hW2OlXDnb3j8Ktx+2MLZS0PdSMSp0SeNB4k=,KKmIrMLP0kB42XJd7HRQaX1pkm7jnVxv6dtjWyEI54A=,U9MLsiQuX36yeZPAF7uhwLbhLxM19+JG+9vZTqhyi7Y=
Q/8X1t4V5wsJb5BvRi0I+JaYhw4D1VfU131JrqMT2jU=,tP15UHCMZ21TIK0cC/BXTxMcvyleinjNbdRTEylPznk=,eNVICO6PBIiWfitKvbmBZrHuw9qYt5qZQXKHVrbOcI4=,j7mLAKM6xYN8nKPaALGCxrHp2pm0AupM33D0VyWmw7Y=
vqU4GHKVQq5qb3fmU/OTnZ2Ieu7FKfiqGYxLGCz7gCo=,UiN5SxEh92R1wPTgNTT/O1GkVu8WXcZAXfmdtZq3ZAw=,hFevLynaZJf1OV8fNP+ka4rlrUI2Mf4OcCFB9n4jZ6Y=,DojmwxspsRO9PX+uJDTxisJMQHfna27Cpg5Vu6PB4FY=
+WIsL0S2CnPfmJjt7AyPvBSQNhXpuBcz9WJ1fLa6Dv4=,cvYFDd0uX0MD6GEk3vp/zGTvX9tk2EdFak2tVue4c0A=,OQzoYFSmPCDei99UhB5xkDpAhhA9TbJRUq8TcJFcN2A=,Ihg5Z2ErRVLK4K2ASLhe1NOkLUBG9z0cp5RkzHb4x+s=
E1iLLsMiT8xOc3PwtMdR9gscVCLc7Kc7BYZgyekciLU=,4AShLsg5VMMacAXndEq7o8pJAgQuoKwIc0QjvFByQhE=,6YP1NODe7nmvaEYMYLjFNN5cGboYsq7Rq5sYZkcU5OQ=,VucXm18Eh8LEIHsF05WkHNhl6fOc48vCSf2Bdbg7HoUpY+oo9ejHar/G7AlSN+Mj
bIEBFSond265OHsWLqzsWgvFDUHN6BtOu1T6JhInhgc=,h7wo2PMP0/szZhNDUkjKgCioHC1fLPb/SiH0mNz8/m4=,kzBae33vVMWy3rh20+JUpavA+76Wt0xFDAD3O3rzUwg=,C2FN61+9sYp+pdNDlXNzlEpt4WRBokKxVJZv345tHpZCI/M+L6UlxcyTFGYuyiME
mNL9rbwmbNHqMiP/0xPTDm+BkFs9plDx/4OB+vYYAUE=,pX2u5VIgCHA1XqwJWe+CXg9YItZBdtDcKz83ee+3SF8=,1WiWoukjTxeW+nNm4ZNNmTaSUytThbYxo0wJ9wLtPNk=,Ngz6mzYdoJqJCCea8t5CojM1x76akwQaMU188yQLp9A=
3POyZVgY0VrRJiEGU2vPEeGISPJ+a47o/9+g6GFeleQ=,8GZuY2SOW3sxd97kjlpEiTDGblHPGQgv0yGgA8IUtCk=,TY21I3F2pVOu7dnxY6kV24FlGCBNrSdC4QSWBWELpRQ=,+GJu2zSKa3X0BQVtURC4my1ZUtKf6z8yAgDjiDyUyLk=
b8qv38FvJ05MZlCgLy3bHp2iAhikbuGzw/scbiFx4GQ=,6HgG93apW6d3EUvBPLUsI2NDPspynFVjgpOi9v5frds=,IgiWvYLIf4f4vdbqRneQ9j9nN0NPwluTPg2kyIOmOtU=,CQ39g6gTCefc72bFmK9CDqwHVk0R5X6YvHYeyz3Co0I=
QgXuNxcCzCmBEJdaM7Nrn3pk8ZQun0CGNxB2h4tQwMc=,9T2jvQCvD5YLNw5qJOl92DDY8WKIBnSmDaHAL7++Pgk=,qfDgKLMlEf3kgBoME5kNvnZQPCFqzUpLLYnhYoiYGNM=,IoQ15LAttrRjHq+GRWjhUqqwJ1kmG4Hmj0L3V/pOC9o=
2oBKjPMyBAFTBVZPnewSxntTY2EAH7Us97EU84flwog=,K+bmRZAezLos7ZRybnp2/oDXLPqcbQIFjcsDsiIx3vU=,xnAuvy7mY1cOOV9br3quxOP4ZXMjZ6yn/be0jk7uUHU=,Q1O6Gd9bFRrXJv8RExdITbMlWMweSaa5SUOo7/8M5Og=
H+hD0QRLob4rrRTruX4lHOedYyRCp3KyqdzWSiusIhM=,CW8YrVGZ0PruEJWDqxkxNSvGn9uVK1XTlXCuPbK0SLg=,qO1ZU/Z+AsxSnhMHpa1kpqSjqzUcVvwZUtI05gGNj8w=,APQiWKv6GwzG5spRQdnablIcTMhjI99CFILBO5Zz7fI=
rZ8vDH6KL2n1M9mTDS7n6WZG9SlQB0JMTfsbAk75/qw=,ezbBYn6X3Sqhw6jR4ATLd1iSJk4LeToNx/mS0+WXYPo=,zLMnxcNZm/uM5QhMUGngWipCobyNdaKU+UQ5dyFE9g4=,Ti3EHIbjYh/mylG0Y2PT3UHDpaNDTdQSY9EpORhbouA=
29nnCzO2yG/4qfvl9YkaVIe9nrGohn1cENVLIi/52pY=,U56LA/5gXASxSxbHqBMiNoT+f02+NceQy8cTzy61xBg=,8HvwKrEyTbgB0XdpJLogGEKZ7Qmzy/H4xmVu0ha49Ws=,VAXeyUwsggSUOyDDqgPVieHI5THXho6eKR5hhvMUMZM=
aYcTU8gGH5TGu5PnJmIJUClbcRTc+ChiTXb2V3YlmlA=,s9xilOxqppRNfugVxQXBJLOcUt55ZCuOd0bRwdOoCHw=,iyDxTB1g3e9VJemPMOz9PY5aaLeMJ8vEd90ORLF5QmY=,3cl/gm+Tve8hBzN2cljaMmbIfnUPMxg7IBYwPxURY4o=
IBQd7aEPLyyC2RIw50Rga14TEkK5PitNqepey3vvfKY=,1VxxRZwCNHKFqMFUK5V4PI/3cn0bsMFRvDyh1T6O6K4=,3w5NE1eGA6WCJTZ+dH1y4EExcZilqlyl5AkHptyHDEA=,GeK9kxm1lG9mqk0zvF+75iuu8GN8w0HydaQFFa6v0jU=
18RC0cUI/L6hL6zJwElDBII+JZJYIXIBqLnTkBzOlU4=,Vf9PkJtYd82fF+fTcqr2sd0FEET3Y+cQYvMj0gK9ufQ=,a9hk7z9h9fmPQd19Mfc2bSXlnplJTq2QypXzQS+PvcA=,fSAwLMDBiveOA79OG04kC6wCA03Pkgr9fQgEYoeksDdZGAxpUsd2Z/BLivI/8nHM
AQb70NCxUtXcxzGweRpHnD91ROJwUOI4UV02TI+IItQ=,UsArzDLGf1g9eyDRJEhfWH2E6Veh5JMdSBdJ4dEELLI=,E5kEBAPgqqwRUm3OZAc5EOYUbSOVAB6JDqSg1ck6bkA=,SAbjx/dAC3KgtMNqHXHsrF/Jd6qmVAmBPZzfZSR5UkE=
tfru2aCVrywgQvZ/l727CifAndnlhwGi4pIBpwV1I3o=,u1LOZtmiryCGzEcnsE9wJ+/6gORXsLHpLO8kMzCEBGU=,CRJS4zk26o2/PtwvmmLnxtUV9wHYqF+L7hs1P2leamM=,qEbevj/xzPj+zPttEymwJH55UhymLqOytmg+a33Yjfo=
iIE+1BBNalGINslLQ88NsP4j37/kNrTrHNGVxp5UeXg=,DxmuC9mbal1+88Sjks6jlhrKcY/Lob79kNLBMCq+f4w=,J2HJMuYjpD5Ayw89A7hh2/5c97Ezs+YTe0CK00bXxHE=,XQqQKrtrvl8KdhXdFIH5KbPM/0M57qbXpuIJEYXBvlQ=
ME48lky9arA1M3697RZPkHBIoLY9MTBlE3wYeYBPaq4=,tYK+z6I5vTg6b7x3s4U2cmEz+MAtl8ArXiPeW2nOs0M=,E7aFlUk9pDuhNn23wtm3cv2lUAH0d4dsElfOaQ7NkVY=,xKzyOJhGEBO08R0ZEltyOo64N0+B7jt9LERS+J8YeIo=
bd3O0Yc8aW0Vx/BYY74psQpuhzS+jEDG7pV3adEFym4=,IkN7JkrPa9j8Jx+b9TraZ1LGOH73K1xPssVYwwg4rbk=,jRLRUcS9s72EdHd3IVtyZ3lbfqWm41KGEIo4B+F8LWA=,C9sv5jdW8HvBzklQNFUt4Q0YZlPEZPmWdcmOWTaLMolq03aZDeJujnVZ8CDhZ5RP
9TRS65bNVLaIpMsvhscO1geQWtLtnhK5sSiFzsImxkQ=,HaTi5Nmwt67xTykdPRaFVVOY2gQS5f5LFnwXuRuzTkY=,h1k0K/qnbx1xO24JOV9cpcyWSHnlrhxnWkAGB2Jd3Fw=,dQvlzjZj6SIT2hmlGfOC2lfuhSscwAvxJ1PMkPFh7L0=
PTCDuRtMEq21JqdpnauYwbQ6FMdGgVcn/hgx7oEUR9k=,osX0gzhXnV7OMTlNuOvRmOTZo2ZHsjgTDUvo0jTpki4=,vqJfbs/2rFzL9kL9cees2jRHRLomCIWFC/co62UypV4=,6BMlnt2/66+2aGaFAv0vfvuMrwTdeUEacay+6+kjGns=
ED0GEWSgrMXuW3LO6B7j0EzZ/h6bkjkW+KZNqhfr1Dw=,pI/3NDCLMMJhWadu1uNbnQvOKIEsnqhztHUFKBaFsDQ=,rW305I/CI0fcLqJAtD13a6rdKv0CetwD7JV/TYkWcGE=,JHsOM9dKCOTQ949n2d31R+y936sZI37cubBIegj8bVAQQUa6ENfIpcP9Lqv8Z6NH
UrIbHvTYefCvr3IgtAyEkf+nc87S7mH5ZZQj6nlCI64=,NFrFMM7vG51OZWovYOmgxyKcFy2guzI27xhDXybzBFU=,+MijHp9NHhw3UIHSFKbQSwvvhYfpvOYrZydTMUa3YEc=,IIBsgYuhR9K7IEjNrau10wEitXjIYJwyN+4SOmz3sio=
V5p09CJCpaeZ8EJLyn/CQBSWdUaXa5L2APX9hyncxmA=,oXvBClDU049FbQRgpbE29qHsZ8oRcP+4jdY301RXZV8=,CS7jwygkboqQ8ovU0AR7nhXJMC0Jr+NdOehuOuur1OY=,7ZLssQeSEfKwCfiUkDCTUnpkbdWNMLHKBCDC+bNCW1g=
QzN8kwxYcKTAHt1vjSQeRKf90gD1kEw+B1JgqJmhvE0=,Afcmr+5pgcBd3r2SDmvfPsuRxgK0rmgxMXDaSsqvGc4=,CyCIPM71VmPDb2YkrrJYlwBTcc7PnMKamL/35PLPwmM=,NBsSH1y1RVs1gZTHEaHqBzIn1grUmdO9sS/O/rLBWVi8rVhPtHBw1jy+7neGbsLv
M7gxT8znnK+hdpt7SEilKgaT0XdWg3rsZZNrzwCFxjA=,9117UCFCyHw2lfm4wYHKXHYqarqxJJ4f1RCj6f/LTT0=,xmgG/AyYPcMsPFJvxAO74zqHTgCbpj4KVypD5wgJ+j0=,B3poEdiL6+1eaX6CGvqwE5PtqMGLN89ob/LZSsNbQz67y3ifq0ZfiT+3NxtX1uFe
rOQmD3Rd9PI046bX5HAfpufH4/JabhkHtV7VYZmswkY=,6fZ5w7sF+/0HytjNZ9197XsI9mPEApOmyM+awSP3qk0=,oADJrgFr6nra1nuBKvYPZzimIfCccnqxcRggqhsyy4s=,32wmydNWXKpYoYm2wXSw/R1PzhUW1FjdiQrUAuXsW9Q1wuwk4RE0+F1qXCM3xLJE
d1fE32pPUAMyvKaAVAi9z9M8RfNbwFvrOgUR0H8CvDI=,m4c2JxmciqCoWlWJ+niNh/OE+ueA2pjv0m8+EoZx448=,P7/MR8YaQtCEEjFJHmBWUoFIa7Pze7igxygGwsYuLkk=,ADii7oQrjUUPPXNd3DPKE8CQEYmrrwq8k4a2nd5MN80=
Kb+85fgu/BqrwyOh86JCcbiM/W3I9pyByXTMyOdHx/8=,1B1dKLfbTtyA1UrlNDJHquHnFDaVo9Q2Xh3cWcirbtM=,hEkBnTBc42hoqTfk9pdP0CMI6DpcbebgeGB3BKxBBwQ=,i61pWOOZ6x4I/otR2oBab4ACS5wEjCdUQusWURZUaeA=
KC6N7XLQJ5V24rmHRtNjGx42v5nbjARnboQW1J0MFAM=,yaegV6LwzPHIGliSYWH4G/tDFwnN8k9OfhPmoTrXTdE=,3d1M0uHkixcONVmxm6R0giFP9aR/I1MlMbb4MWJhBYc=,3pAXwszFgevCbt0VmD8/8/7iShOyitdrWs5/5AWhlR8Vjz4z6RkKmqhkdZ9DzlWY
XJ21VrxhoEutY6ivPQEH705ZS5z21D4srZ1kyLwfKJE=,ymepX44uTIJ/iniSNbjxj3meh0oOEvHVOaCA4xsdOTY=,y1FhnswZJBPF/sYEkdFxBu2bS8a/qJ+Zr07dKq0U/bA=,MiTEg9FiAeiyNKVHSjkmUTGFzky2PjI90Cn12DtxBXQixj/mQBxh+LhgtqEFEVji
4sTDqSXBJsjH2qQ7uNLfY8Fv+XqrceJPnorohVvsZ4k=,Y7JFxjojPKmdd8jSboi5YCYSv7KIuo3LL79VjKyneYs=,PtivrF+HDnhrOROf8Y9W+jfMZEJnOoyur7CH8mW1XKo=,2rzANEf27NtrGFKlhlK/iR8PRQ3Cp1i5anXPSb2JhnRUkfZpl/9IrSj2wfC9uZbv
YyZwCIqzJQG/n6OtdG6kGxIArCr4LV1uD55G0oCoxRY=,Pu8GcVQY05Va/CJyTODWKSmxRLAsZQS3VULiykk69r0=,aBD3pS6vGhYaR/L/cK5amHSEevHml2ZgyWnj01zlt8s=,3GNBWV3iWP3OuypZCqztOFB1zIHY93iiAz8khsQ5WT9dXvjeNgm+lyY4MEOFeveI
BpXjd3N6qOZA+Wv4BiAT30WM27w98M4WZk/55y7K3zI=,MvE1DjMKuuRj/lwJNLy4iLU7dCkfc/3ZtqeIqngOScU=,QTzPUnR/grkG/985B5AZyi267HVCAxRXXY8yAi5GNGs=,BAPZmKoBxnf++LcPnn7Al7s5feGoG6vbF6tN+ZmukH0=
1NlLzNDIRePcqR/9HX9JG7F1MpLS3/XmGA2krkWeCos=,JUNf1v9u1qb1pgeH0WR5pUQ2RvHSy7ABxfMa42iMz+M=,kXMX2O+5aY9z2Lfldfr5+zFNx2h1X4m0KnzUCE8YAqY=,6GkPT0USfTcdG5zauv9qWitZb0wQ6L71GYLG+WE86aEo1InCLcI4/4fl3rbvFWXA
CHnK8Mr3hsnXv4Ui8MClBxTkTGX+8iJJQgT1L3D3QRA=,nY1ISl4gCXLxogGfYYdvXiplxwZ9hZtaJOkHkzQmUis=,TvWbjcb/8+8LBe1GuVVIuNT67Oril1n5jEp02P8QYLQ=,gdOeduB0lyujPzkJZqprRu0Ju4Wz/b8i/9hsb0uQdpcB5wOJFWAvojyAfv2a3C6i
o/x6L9b1AVScHb87mcFlefF5axGWKNlPNkMoycQJS/I=,0zIcqQeDS8KQoIN+KAicfDlJBflG0YlccHLPFc5bkoU=,S4u5XvNIwLAALP+Ksf7Tivs0AykSfSM8t9X+K5/socM=,ND1WUKKAQLgkMmNewtmUhkP61E/O6vBUOpA3UTfUiSwhZsWVpGWEtRHm72XHV/N5
LOcX0WSPWd8OQYwnXQP/N/dTFvUIJXDF+ZVbqMHBNz0=,NS9aP/axgaKyWiVWfU67Xr0WkmwCA5ku+UIT/5QYGLw=,pzOguq7PoE1qPnkyiLRJL25BIx7+DruOGgRzbCtF7YA=,98KzA2rj0d6cp3Xn75+XMIXa3LlzrFhqQn+Ik0eYGZk=
WGxNFNG6H4T6Vu0M2SAPKjovkepfuYcK4/pncsctO/U=,Hwm6tbpSQI8hzJ2Lc80qunKJj6hMlhWcaYBYECXxtb8=,3pn+grzvW03+foB12w38+Fj6T3l9Kla7UxWbzmhRW9Y=,PLhDjGEwq/gtw56Rv2shdcYg34mzafiH7IBuBjMgaco=
7INSx3oQ5qHTNIftht1zByeHwU1I9LoK6A3QI3EJ8Uc=,sLeBUx7dd9SCaPBZcky5F8mtzvTx4zWxO8MfK7BcpWs=,Jxwq48jd4DHo/m5zO2luUNJsi0DmmHcMVh+x5a53Imo=,mftuICm5eaGL6t2KpkSyKp38W/aEcqjb0cybXyMP8alpEWEXtqbtTpnae8P64UhM
JC3QHkSpDTDuz84JcMo4kCTg7u2sK3lJ/gqKyaUGai0=,u0H3mK+kscY5kwk07tWPWBQH+IsvnyMBPBcP43vWDI8=,+JiRj4RR6HVQv/dzPPJ45FA3idEl4U4qclpI/rjN3TQ=,/7nBFlZ+R+mHDUc2RxZZMJJQa8j47/bSFVqdO07GKkT6K7vaiuxMf/CPSbqSYUS7
e323IZNCxpsfcZcCU90PyNiUI6HBaHi+qq+cugvfaco=,h4TltiRuAXqawIgLdDukZFgn6I9Ek2fIbNQNoXkR4Oc=,tpKycBK0O+zx1Ei55JmBSZmfZm8A+DTeEAcxt0ivGb8=,nhzI/j4u+EfLz2BE57VMDmvkKSTRiSLYcgOwQQ2fvcs=
90o2/ytLdGAq6h8Pwn5BtDXgkTKcvZ5YDX4zfqi385o=,rZB2tnSiRy1LjGkVerqEY/nHoaQisq6MFvyiCfNTgJ8=,4HT8oSfgfjiYXqyNu0L7t9rIvRqOHClymcMbGW1+nm8=,Ok1uoXYPI7SVHIZ+OD+H2bNxH0vRdhvc16YVTVOvilw=
gXaQZXP7l7jWUq8XVcN90aXexIwsVOeZpEhHEuAizOU=,UoPY75DR132GoaDbat16zQr+plaL3JtjcGcvZo0c+vA=,ycaVC+s52Qvzc1FzNwidFncoYGi2mRRxFSs/DfpsSAk=,qFqoxza0Z+j8B/rGiNPon4ZMJX3PlmVV8rEVc89bBod1O2R9VSYG+8mVKbclT6iu
3ce7BUbuP1GRDGvFNkxGK57T4tv5BdMuIf1fxQEwtDA=,Wyg0eky5rT8HTNwAomueKndMHNJO49oq+Ov+cB3CKCw=,FvGzYXsJDOv7c2MzH8yBAsq6sudpAqMRusc12alUdtk=,dqcoR0eWQ8agC0Zu2A8irc6DzhgXgNje0nou8EpLopk=
CCAQL4//OdPCOv81HSVwCBLKNX/jYTHYU6kAUlxE5UQ=,hTdypm/UYwJEck3mTzPvnAwsm/b6ZOVZOCE2JlIZF6w=,XowUyL9ABHOYeRejVrWNcxjZoE72ilGciTLLgcbdzZg=,xibUwwXkrvxIxw9Txqmk+mftX0HR4zXSfjmEEZ2fQXc=
XU8PHfpfEStcqlq5VTccxmVYd8mk2UH7wv3KCvrq9/E=,na6J5HXpFyyxOsOOh63EW6CU/nonQFXUaqugiE9RnD0=,2d9BKFJyHThpPX6+N4zKWlrjIIh1s/oES8MkUnJpSpk=,mOdhfP8lz8BqGZEOrnzQK/OLpwaJdwUPhJBj3qrLJptNIyq7+Gr6VboBqJKfTav1
YUkV4Kn9+gddwvOh+F71m3cI2JvkjWP47bguSmUpL0E=,iUSla8sYGaD9pu5+DOURwohsmbKwoN/mq5jW4L5JBKo=,R+USxzCorZdkKGT8CZd8tmiuYNTW5yWk2FNBB290sOY=,foi4c1oVrBgYKKg1GCV0nTA6DHsci+eYsCdQIXdlXwE=
pxTobQ6SLx92d5me3YfUEsjJen0O6WLwiuO3glm1WJM=,z31WKNrlRQGTasIMNIMEMNHDoQvegJbMmXxV8K1tlZg=,888cYrA9CNwhoAnFU/A8kY4RtezlH+5eyAZjonmpHWo=,FZSw4ExmCeQ1un98P/okTHD/YPJSlfh/ZGGeQITm2wePLPp12hrlAamJxnxvnH12
soGQSwX6v/OffmaJEu79BQcdUoHlrrwSeoYAOqMvsEU=,dYgqMm3afIwWhkHovcJBcrr1dOLeNwfVMM21RLPAdN8=,QXGuE1ICaWt3361QmF7Q7R7t8TeCMNP4cd9PJSr6kgU=,h1BEmbIsyN/8vqgtUiC9FDhHRbL4OceTwa+R0CtIsq4H6SOpw07tdSsB2w0WTJeD
J32k1n0xvzl3HHY9+mDJtLC7SFkcyNNMGtOnbF7nE/I=,ahKl61KqyapkEEd9WJBdgIy3ffo8rq8Cpnw5csAJy+4=,CSW0al6c4rkv1zIzVQ6HEjF+hyiiDksAW6SKAx3553U=,1/VT85HqIsH5dtmySCBkn0eusyvxVESIixWCEOhbOuM=
GR0xvbgeSJk+xC5PYQXKs1j/oUeRixsREd7yVfXMl7c=,qu72vYyD2crgEGAWgfFdysZZvgYllsH6/aXXIgNtTs0=,myGS8KTd/+df+T3d59ESevYF7Vzebk8IxYMPA/mxALk=,fZEaq04Ypk7ffyQ1NkqweG8BtVjAby5dBhdEwMfR7ms=
yqK5q2wLYGE1syVC6hAuCB9Vb+aIEDE1tn6+krYecq0=,H1Nf0TeUxqlfXwrDuiMPa1HGDHGbE3ZD6zowD498VG4=,ZuWJx45l+cm9ohIgMrH29h0Y9EJv3BVQ2f79fIVERGw=,HiqHNzFHPixE+/o2qIo2eOOTi59cr6qSuZa49NQjgK0UYu4Fsnp+HbWldxr7+HFv
ynrgQ+6kTluJjjF3xZvucZwKa7zQjfpL02466P0++PA=,pqOYN312vB7v6tXBujdYKI5qlQv2gNOBrZnLxZTVkU0=,RpvRyGrDi4foCKhZE4VjPqU4BLkrmsJP0v18MhDGrT0=,DeSz15TaAofI06EgZMtMty83BgteqR/zuRPz6TgIJVY=
Ob0GwNMfmjOF3rFqah5UHBqChu7wPJW6Y9XR7R90XkA=,tjJrIkYheyXQ9UY/JlAtOVXZdsPfi2GH3pm9/cJRL3c=,51oKYLtGxCYlSWGYDGGVxWMRqWlIzPVDAXz5MQEHiho=,Z45+SKTJQcLP6le5d+5JuasVW/vaOm2fl/uoyR8IO38=
xu9p4/9uHi3GZPRgv5MAv639GjgXl3JsZAxQKxm5gC0=,PwS4CZG0lPn18M/GGyq6JHjVTx9JIVWjhM7YxcQBPnU=,dp/iF6SIfsDFy30Om62uAwhLLRiEev4/XsI7A7NJmNQ=,/WdQaX4zQ9WxyHbHBx9Nw7p0qkAcksZ0EoD+6BjIdbE=
Z9auB2WhkyWiAMcSzDB4DVrcRS5U50gRJI0Iu1BCIXw=,BoLMFhjaQFk6iAD1/2+VgBh0452nyRWLzhMohJwrSBU=,AkXq39huz3ztOubZ+LGildCD0gW6u9bXBeMExq4GQuQ=,6u/tNBJw6ClNCRy+ZdQ7nrFehKkeL14sYWXv/Rv1wcglDNI/Wn8REGFJlt16/7Qli0WJxpnx8ajFhll9cdkQOcNvWrjrpQrf4PmLkpgaSNZvdBaltnh00REwea2v2AD0ekIvQxF9kTa3c+wMg3fgbw==
8j+Q5u7OOgz+aLB19znT5C5WAevIrCMjW4VU3s0a79s=,fdDR1ctBl20iC+Fb8rz9XxndHokwuLVcIvEQqLBWIqU=,fbzAYANCpOH3/PtNfaZ3I3J+8SlVhZ2rwC35qNncrLY=,kzgTWjuHVA3kSLc9xxDh5adB9DrYgvxBOdzhyN6NMQr2/xkGxhjzCAXw1M4w4EPHJPGnB3O4Rgvom/CsM/849212rlZ2KhvquvGm3QyecIrmN24rTI0w6CVV9xGCx3+P7OBYmxqSJGiH+Xbzl5+vjw==
Fw2MSUx9UDhLgveUeyZE2x5NhaTgTTO5ysUfVKZEzGI=,1ThxkmC4SBxMjwl5fiNc5zd5mS6HWWiGK7oOAicBatc=,QVydmXlPkAa71JPn4IUS1lwjEjFpQBXdJjxLZp5WFkk=,qaRuU2W9Z2wY7Ux13lhwDgp4A6CJmqxmV2PA+WlteKo=
4EInESitf90ACnHxbsOnc2EmvLacb/VwSmHdimyqrtM=,91LuCyhPQDbHV19zp5bOdNSbFI9ZYpA735s08kYmKg0=,8dwRm2osfS/O/PBxHca2hGJvths3XZ0xeWGSHbVyWq8=,EZUvvKi954ahwy12uq/jGSPp/Tm82b7bIiq6KsO39BI=
d4pDjJp3Np547ReSluiI8GRQyCBG8qhCgINT6x16Dr8=,qE6IilEUi2zQjJ8p2LxwwGqnTISk7nGgT+MJYgbAH2k=,2rZbTvfPaDwfBFOcOYwDZCahfUZC2PK+jXV+mzUSTKE=,X+HBi1LbUTV1+20fW5JRkOXciBlaoxh9h6iyJOjrTnxrJD+S18QvVlLOXbFHH3uL
y5M2Gkqej/wSw+RF0xLzIG6l7Ge9lU3vXJ2UxDaYwEs=,0+zpgjhu3iMYia05o4KcNlcY1OUakCRUediKQQZoSzg=,okMhShFO1pftJH9JNGduRDYsk7coirfltrbPMf+f5dE=,wmUnO0MsXsUO8NJTVAk0ou6TExrZvOE2///2ps0obYk=
uePQKx8g5jADrWS8UGVTDUD+tPwkGbNfEqIp4YAtdhY=,7/9+amtpOpOucGk12GIttJERk1PG8NFHf9KejfpkpTM=,V2U2VRFJRZPg/1wijagrbekTvQ0WGtBcndEZwiDr6Uc=,GKqgJuUDKHnsCglGlCmmcZHeYeyAtvm7pTPEr1yZzGc=
qgasrFA5e8ZkRpfGY1pw3TmbWFL80ulpVtlaoespe0w=,yBGE2dKn5c0Hr5potAg3p2XGEcmvaj+rcQM8G0hyv9M=,k5pKBW48FTIqvoPtHVd9tutmdgF3KW5zoblPgvxy4bg=,01X2vqFuiK2yb+A4KjMWqRRSFAtW/AqE6z7lkkTJKk6sxd8OKP4JHPUFxYtcFHOL
R81jpB0hBQGVxbGuT3v4RMYjl70oWLnxIMG2Z+ZS1CI=,Y8IYE8S1gOPYWAcKNZT94Xrexnm0Cndl6hOPXsXEE9s=,4MH/i4S2C46FmROwUWQ2oM31fqG8WBCN+xacrIICXbA=,rJ0Ng7n40tNyUb63HjO8kL5oJnsfUy5YO67an1qmZ20=
xuWRvpdBQpjQB0csxQEeSGxY758xlgu0VEJmxl7Ty80=,pDug1DQK42nujMuYt8WO19SjuCDYGhzy03371MLVyBY=,AIaLn6Pcg5aMR6UJaGvvZiRSxJWzI5BWlQ+jIaykWHc=,yvL1WxFpms8F2/7KWGR+XsRHg5HCPYB6WMB7KJ9XOeUW2SgfJffJBelrXEhWmCJO
f16epcUuBAvTeyzuaauhPQ+AF7lc8pZOe6nWbnv5Qag=,o6GN9NNBB+CcrF4eAUsQ9BO7awRpPHk5Lbe0zIIWEB8=,tPAlsF5E6La1mAq8hs08Xp1a42Na0fGt9FoYOW1HG7o=,L2QHzlyiw1WAezTCFcHcuhGs4MhVe2s4o1eckOTNH/Y=
0R6FoiO9u/Q9jYJ+3mk34uNwJnTSXQ7NezbyKI1htY0=,SHitY56UEDAPiaPh99jiORN2uQrxHozeVcJEiZB8EMk=,RHZwo1PCVaA0eoDonszugLS2z6qFF6u7P10YAhnfodg=,AnY2vuePJw2eXWexU8PJkKfnJds3XxWA4CSbTN1pNzg=
V7sax+0TwG17oiUAOQyVTyOEVAenYpDLFVFv4EXW9s0=,H0vMp8CtLG46AwovGVsXWefPLqFfdssrlRLHl/AXGj8=,9bDhGli3DM/Ma7aGXVNviU42kUWW1HnHUxLQGrUPBh0=,geTxfnpXVspSBymcVCIfVcV84QmHoWpTgCuak7wS4ZQ=
SnaQy/s616tHPxXoUwvWzxj0MiSKfRHdy2/v3qCWNVQ=,RagIj4d9+U/bjP49Q762jgjAzBGcxbbLxZT1jpgyt94=,rmh3XClFuG+2OR5s8Kr6K+IzQg15kH1SQuzZ/Cx6o2s=,BVRZ2Ovpj/fKCQQ0R+KTFHqGCsMy1b2MJHd64N0WTFg=
