Rj7oWz5xerFclA/o4nLsKE9AxJUMZnZIJSwtgGrlPpE=,gq0znUEZkKGR7LikOxXgUImfPK3b7IiogMB+44AGY4g=,NNdAELyqkpvKOZLLfwnRHKEO+3SH59HDktiaDEhRy3g=,Eu8eCwMDE70EG1E6uPBExJAUGnEIOZzL5kUJfIaDQ2s=
M1VCj116rlQVvERaNDnN6+AT920b2nhH+i0ABxZI6DE=,AeYkfo5WwZa1Fm6X/1aNzpcKr2+RrtWt5RKmQKov2NI=,jkjZDiGrQL5yeDl7iloCd6v0XFcafnuTOnU2nbCfpm0=,zmTpdXLugBScSWfmbZFqHZEzdR7hm1Gw84qxxVUMOTU=
fipmFDQx6PsWMeu4dWzHFO6RKdzyO6Q6t+sqiYo7qm4=,AzcJbxyxAm6sO1N1NvVaeToQpjh/KFMjVnK5BEdR7yg=,dCna/ayUDrAFZLONXEggjebhAbXs/JMTvmKwBa1uAqQ=,H94noDhj5zYQ02lV+5TxIr3s6G99ldC60Rb8B/F3DQU=
y5Cq6sdmLZtuYkjsEgJOBXpciFohOMQKX9vDBwufaaw=,hU3B5tbALDUKWkNCtpZdOhy8XgBqRnm3ZMrnHkD3eBA=,o77wQYLfc/lmccaP/wVX89tD11aVUSpROZmABae+Kp8=,oDptH6RtGDCOOiyZuXkxaoz0VJmhSpkRWedm+lXqWQc=
Pdmx4iOCLtjFpnF55JhUTMFTpB+qRKYYxPPJJh2h/0A=,4VSf9eX/kjbPcJkje55C0OycDWwxpX1hC98KzGgrOVg=,K8nvcdPz/AmZSI5jJEOoQPaTXduSr2Jp2AfgJCrJVCM=,XDsqdQdqsNCY5t4Xq59cSBVlolZuD6QUJ4n8++ZBNws=
fc03RryuLrfPN9lX2oOECFPVLjGGtLFvS12iBmzj/vg=,fobjq1JebVrQb11JyaCsCDhYNxYWsp7LyktR2gRk0hY=,VOwiG8mTaVmlSHN67exPBckuajS4C5MzcC7TpF4o0u4=,RiGx39PMoK64h8XFHP/IZVzAi08rGvYZEPzaQ00AOYA=
4+DoWEWSctpdAZ2pH5qXm1e9cea+UqtzswVwKVD4bt4=,9n7dpNNNFcknkWkS6c5vvsAnPdGXVtibOa11ThN2bsk=,rdfOTENnM3DKIXISGuw71QILJnfvi6oiYVnciKv5Biw=,2202pRCJsLYnGp5AdDpTedz+4ndLb56gn7ac01+UJyJMilXBaYeW4XNXAoIrUBCc
nU9+WA6RxW0ZrjeXLPUolsy0J8sk5XWME6fiIfsjeO4=,VH01IQjIIl7I73AOmHYJqLn0Y175AkyGKNZb8KK8Zb4=,lKcOSdTwPmwHOWsGseaYHHgFry8/hw0HSyWQPLuD1T8=,arl2j4dYXllPwjCLOPv2My3UF/cKmu6RzGUrip7Lahc=
w/Ji16x15S/iSshBkYL+D5t19JX8q5o+AYsYgjA12v8=,l2ExF6HkWTHbfg3zWkXv63iTFmfhWa5eWEqfM1cmVJY=,EyKbEwrsLmslWiZlZCPiK/QPmX/II/Wa07YkMGyC9Cs=,PIJx6sMtm03jKGsPtWfyZGO6Aza6Eg3idZ2gT8th/zs=
7kRyBT/t1Muweo2XdbcQg6Jumr4B5QjW+Ld29xFhhXk=,UTanv6XDPMU6B2QEZScnR5hJ+q/fKWgokGySDqtOEcQ=,1v9DzifmIxxQhIgbKAinRtECkheKXs6yzKK6TKNDmV0=,aORf16HJyMQu4k1+HKW8ZBUEd8UCbop1rPkGm8WTK/PpNuxCg8g7d7U3Ls+EZMZI
OrKxIY0P20Ar8hg641nGxWJIVshLlA2pBEtr3bIPALM=,RlmuN1lIvn+B0HETJb8QI1IonyladfEY8djDESamfek=,zjDBGYv/sSw9fenBbSvWxYf2sb/XKHR6x2cWs3px4qU=,lsAWc5NtNgM1oQsqfmCbR1LK2t86PZw9a45FOzApgro=
LPGuiJJxMQ626xfeYZRVCaTwZBid9ANVhH4buNv0ZAQ=,yaRmH0mjETnmosjjOCl9FCuvBIRdb1eHAWo0glLHLXk=,xKN/L5cnsjp4qeFj0oIlecDJB/2VML802f3gqc5k9FE=,Bq73RLc+4LLYFYJl/xYRVgplztZZ2IB4VkOofGrkQhw=
zV/16QJkMW8ly0lIG1eIzEActSNDeJPgX2b8a3fVDWc=,0tizpbMFANvwKUuGdfX/4cSElOUivWfMiWfM/hsG3fs=,s0e1t6hoZBPfI9jp9fgNDTlKSZjLpXZGIF1F4sasfUE=,nwEt47qCerUcolG8qU4jYTiT3AGrRVGqNPvNUjqUbG+9rbBFy/u7V2RXeTTvAaY9
n0h/paL27awfnOLCWopSwTvQ04UcHhg/KmxQodSOCyU=,wA0b/e0c/Au8wcwigZ1GGWc/9ohVzPqMDInUht/UtFU=,8OS29MlDVM3sZv8hzFYvSro6lZYkUTlCD0mSb6RyQA4=,lFM4BACOXOjqnsmVMvV51wL/cGKvbgqQvvJc3s/NeyQ=
7+SrZEvzSWh9kMXA1dbO7VHrVvrETQJ4oN5rIxHgRy8=,EaGGEQjYqVVfnoBdU6s4NpdfKbJfjiVG1Z0qkrHTJdI=,2WI6Rt9rvyONyQsTV/x5a3kz8fqLESgPMtpxI9k9AWw=,g6iXwRiE+izmmR70SM1w0W1SGCW7zoKfKmHRZ7clTOw=
odfCps8bOAXK719l1K6rY371ZqkJd4QxjlTc8w4VJR0=,iB1IPnQ/akbO8i9uzruUwYXQursnLdfO3/IHRtZXMr0=,ALf9HZVzo7KGm64Doz2jfYl6iqXHnDb4LjZAZmpQOnY=,fFXQ03mLOhxD0cqkz+4kxLMRcU15dACPJojqr/MFBG0=
g3eomMoQ+mxkfqhDWDQ/HKiUPR5kMPiMebnoNh5ukpE=,15tlSJdfZ0ci7ukrYOihZjqksrqwJl/x0LB6cFLnD9k=,Ury0a1LfoAArvGkd5UBruSwV+nSkuVaLUEMmff1OW2A=,KYfyjvgzUMh6Hf94pcqUd4IRN/QDIL40gvHzdRFXL/8=
qWkmQj3YBrDdzT9CL5By8g1feC1b8g39iFf6NE6AI4k=,o/LCmyhHTGR3FfXk76jI91jTb77hdivIBWqloDgPXSY=,ZL90WehYXSAv0ebPZFrPz5dP1n0SZrQg05KXkZ+1t4A=,QOxqQzHptdZplMbSts1cLx/FOzxaNjWUVgtjNXH+4mM=
GnTiJoxL0abENUM/HZJsncX2RE2G4frUN9EnMs8RPKk=,3KZwLK0EgxDn/Bjx8tXTbQReJXQ9EWikxRkLW1O3sw0=,vE5TEcJo6ML92U4QSHIpUPtsidauXT0WKjdH1HQC1YA=,QhqcyK0CxrXCbZpfgy47d+1rgrFkp1/RocYYFEAnUVQ=
0bzu7pFKDyPTpAh5uhBT5UFNkaix/j9SiUby4+/3XnA=,89jkg5a0M3BRUD2m0lb9CHX4G5LIrNcVfYieSQ05xr4=,+Zga0xf2TU61YK423WGqmZIZOOdu9agFx0w68jlrIqg=,0KoU2FyQZ9nldgTCZKwCPIKCnmtRPTWMwdDVfUEjsA4=
taMgDRrKp2PuP2d+7LlacPg3klAScW5u3h88tQ4loKA=,CDTdjZWPnzGi1SvcZt4BUT3NGbsabH5Yzzh4Arz+D/g=,NmcJth60miPh5fT0jJ9V98oBxE+bsLyiDzkcaAinqNg=,RLSsXdXtnn3FZ5V5am9jbd9bLVc24rXWVCZRkde9cz8=
LOolub14F22HtRFQgptbXMFcVdGIBMedDO9z4KsHM7w=,BzVa07A0V8t/Tam7xO4vk5KjnaO6iF/0tqhftyzN1qg=,03wafCWzgAQLhTEl4gyxyIKcATYKMUacrfyCcBLgX18=,9sFvWmIlsCUDEcQK+NNmDqNFbuZ3LDmrJ09Xz1PA2tI=
nkr5f/e6isTf1yWwSEahjk+JOhXXQnuE5ZISiDsH9Sw=,9IhgssZm/4/T9jpGd7WsXCbTSSk7xJzkbOJQc8+4dL4=,/bd9gq6KRWorBzNo3Es8T1IsrnjBwQ1JvCiRnrFwtME=,lGEP3hp5xK8NW89VKEnNJ/cblr5VNuumeRd5dErGp6g=
zPPnPX4fHALIYOJUVzURpDk6kec3GHshA741W8SoxPM=,852mgexnIZmEMs5U1fkRdC4EGgMAX8KGtv/+7z1Bni8=,5hicNYKn6LblxWZMC+BRuc9xb6brlpeu/6Jh0xuCX6w=,9Izb6RXl4YeKDqIt2qeBmkt1LxUiSn5GOCur8IHptM4=
N3KHhMzk2v1C4ZSfWnlZ8Xdu2+WehsIfPeG4Ut2p5ZQ=,hYGlwbN3SCA+BasbboWs6gPBAmLvghKXYf53HYLk6rk=,b4c8jEkx/tX09xCLdvnWVWHQE60ZmvkgCR9tGAPq9xI=,eiPvTvMnKq3S99cTQQ8mrbvg901s5duOMiRh4IgJxdE=
Y4DL3VI7SNDVMac0pb2SiiS4SPmb+yRF9Ss4rxdPHx4=,xkBuV9nQ6sXpLqsBpfG1IrsuLYxvhv3nlnJNEG0FFmg=,OP8pVr2ZGKBPA7RvuyuRJylEG/K/YwLqHRnloBLN9Yw=,54DcqCRWM4YldkDvVtf8lUs79tANsjTbZRMoGpbrtfc=
kGBZkG3OnHjQXaw64B3HgWLvpDBcXhQbkg5gS8926PM=,LrovvZPaqR8372s8ACSkMNuw38N3NULuoSRrL8ldPfg=,p97ADLDKrj52mJcv8zFkZzBS/stDTaMPzUcntCa82+4=,REIu7XGEkVmN2665iKC+Hd41Ux0P1Jfrj+wb2z5LOcs=
st0aWAiwZ/bI0kP4ViA0SwnNKKn3tIlGjhdsZSuWyPA=,iETulLo0bprbevZV0Z0awSosJBzWHc8uMxLnjTSawoc=,b9zxiSR+NbHtUXtS0n4iRFhsfqM0BExNvExgb6YFXJk=,LcjKpcEtmpUUsERJB3cNzjeNlUcedC3ARgWxQ6ZKgck=
b/kyF8FuVzwCu4X9aaAiTzY1x3S1r4Tn1usuCmHg9uY=,XBNTCtWu4gLoZ+/4YaQd9kVbsyOEoPKC4tP8O1QCuAk=,3WGijMRDS1pXV/Fm0yqQ6eYEC7WrZJF4YFjBs7CI3NQ=,7AcFbWfvbQme4hG2FvdrkXhIgoLrvUu/pMZwhZciTX8=
Fpzbd2QyswONWlVeowpBD9STVtcG1TnS2Wu6cBbJ2bs=,+vAPlT4kOhfyep5Ik64AQycMEZ84pVTSoVhSO3zJWws=,GhgIHOGvU+q6znYK9YTL/DykmX6OmeFMUhJgK5FT2X4=,jl/aT+TtDWGVyVaafZXcrTGa8jp1EywKUwYYPyLtaP4=
NEPkXJebgXazj0QGBiydv1ZlAKAkbWfocHAjgMfaxM8=,MjjOga6r61t3X4NxQ8kk/vyW6pqvdKpsSRxuJNCt7b0=,z/3cMq+tHs2sx8LFEhdPp+bK8mNJPnshKbCxb0QuZ9o=,ougkCLj6oL6dBn+/0MebsKuRVGF5mY5h2Kc98uM+BaM=
MsWNLMRx2l2Ql6T7besFWHL5vSa0D9Qwdjstd3d+gvM=,ICPG2FknO7kmQTwSYf4NR2/eZbUPCwBzi7GXJzUkJfg=,xUMWmvhFO4G0f0rtZV0s62wriLPiJIMZq3nGdhOQio8=,CJak18iY0KohHh2Zf49B+X8vyoJCxQ3hgqFN/VkXiuk=
xh9yU58rzn1wmieC+H0y3YlYa3CTi2nfbVSU2ySwknk=,sq/YKtWQB+YtlzwsfBkUJ/4WAaMTWON4MroTr7LZWq0=,xZpmRCj+28N0nKFWpr8cbsLm5MD7yXhBDofvUltLmvc=,SZDravj6DPWkHFUVwoqy6/BfB99L1YXgZ0yVA4JkXzg=
A68LPULWts34D5A1KDJLq19zFVfjGw8SPk3INas99eI=,FNugceXo1hwkA5S2VqIknf9js3/RoVe4rySINur0A4g=,xJis/+t8Fqcf8M1pfhJ7Dh3VoUBxY+W43PAdNpDo3CM=,PC2cqyHi17ke6NtN9WaewK5NvZ9dm6O85Xdkcj0A4GU=
xTDxivCerreXie4L/Hdty81ekFt23nLi6301eiuMnfI=,kFR/mH6bLXIfDaek2WvtLr9Kjhzx9UvXHuQBnW6ACe8=,nGErN26ozN1Y47DW2nlkh8KAAYCI299uMsCi3zLxQA8=,ChQ2mVnNG4SF/NhAKspaJm7nGz4DiMKPn5lUsaA5eHM=
Ms2eApIwUQ0kF3JspGNQZV2YDVBZA/f+SzbWbFAWQ3E=,4amrSFBvDHVM3AiGZTeAnI02Nu3YYEsfIDTAie9xJ+A=,Z8iBqQrxUzR0n7lXFuiLZEWHe3BxaHeHOWPPM518vtg=,APB6KKkrDKFi70umfj0iYhJ4Eu8BDgiT3o8qncGn6BU=
IPnU7mDmjnw9vF5hl0Qgij9m5H3DXj3mRI7aRGIEF0M=,vqSb5lVX00tA23rm10358aKNLDupXKRbjeG7t8DX7iQ=,PKb6BcOwjqa5AdOEy60FlL+CCjKIaHBC82rQwlg0xgY=,aCkBSC27kRjhMmkMYX8CzAyMTlJejUHwJza1Tm+ohbI=
ePizA3l6Fh6eGAaYepQk450U6NOGc5/8y/IMChl27wA=,gFksf4hUwXw6LW+2xotWih6zvapitVI6B8HJQ4Nt1SY=,aFOXBWlVQ1BQSBvfwNa7VLWCfpZbeVWlj1OsBrm0caA=,ttVkFInCcQUvC06Z+L+J3EElZpIcX75zS3GIpQoeatY=
WoSTm+Kcg2CadQJl3sOtCgsk/4+Xn5bEUhZoo6XQyok=,No433RS2OYRkPIia+uR8lES4MmA/aSBo3TCF76tDAeI=,/snkl1PtjjLFeeqKfSpJeI+PaTeWaKzPrJtGs2TqbEE=,SGHhYOqbPY3osLc7CW6MYTTHEKykmlaT92pKP9d0L04=
wODWGKmIlqDSqelK7YmDILR/TPOl26+Y2ZuMjMjhVpE=,3SX5VeRdco0c8WYpUGWWJevOAChNj6+DSreqI3IbMNw=,xBnzH8hSLo5jnlQ/ITs/j20z3NpIEfjR1LYzbQI4DJA=,728wuUnH4ag+LzYI1YZ6r+V/XsONPoKegUZwL62DL2E=
YHsyT0y1y2w5KgQTRvElJ7Ih1UbSsBvn/AvF+7+c3vM=,ltwfKrPb5yFVB2qOL3Ip/uWeF4P2n+cNHeWbCLPMmxM=,TK8dlEdtvJC8gYoTgsQXbl1+BKg5XHE9Vtlj2q2WSbA=,C93fXGz+DtFDgq+DRcAZDNDdGSdFycdNGSlp8EXrtKE=
kicg+nMIiG65Qnu9SAHWmLu4K9aGpndzmTZsNuSTl+A=,xaMjW9q7L0beFAT5nSBZvpV90Q5T1ri3wSnDN2zrtm4=,Iot0dPyigRH+qD6R8v0jea+zh+L9CT9ms5JQN9rkRj8=,dECcegVKUKtsAbvo05B82dFZsK/PH3Z5uNzjTKP962vBcizoF05Bpe2PscrnxbfX
g5eKOKp+SuY2nUeIIZaAc0e7C7+dnkYbMtSCDcHxXyk=,ZuENMrJh9MYUwpbVYGY++QgQKkqWMjaa7Mf7gZg7E1s=,mNA2iU+m+kJ9F9Rek5pg3wxqjDOH2ErmXhx9D4zjYQc=,PQUXrIzM842LmrnCrt6CDPWuRluu3VY56/XCiEwmQ0s=
rzwSEaXlU0kZXdE9eK4iJ8d6jRJhtuMCVblxS+Bp18I=,tZylMAxH9O8/iozXGIqskYtefndK1hMvYSMe6QkMIXM=,JrnrprO1v7qZOioQlCMvnu6SFgW/CtNxK+cf5W3WhlY=,XGAhSuqyhVFXoyzj+WeFqw6yKTDoOwk/+x4vPtBeIkk=
DAWWpbKbQ0OEvfTkkO52e1RCz7La/CvpAcLVqnAB0SE=,m1t59BObQIc4VhtSKyvGp763pPso+qOWC2ftMyYx+iY=,fpDuYATbm1vOWZ6DNc0RP7C7SfF5MK/K80ZR3f9Sty4=,lH0dEOFUJglBH3RKu7nMX2XT2ecwdVx/xkl4aX7RIro=
I88tyRBZ78mi6Uz3tJuvepf5pL7gsnTEyiQFlxK1UGw=,2xhn/f4O5FgFkAGVdODZLGZlgzlipYyNyZnMTvoIabU=,0a1PD1LVyVwMTS+vaxpq1BTYIIukSm32COjBe1XBm0U=,i0JaVX2vn7caDzLdGA/XL0rr7fINNie9JHGBt27AqEU=
ubVIWDZSUsUN7yq+PjWRX8zPrL82DCSGz2vIoDO2Q7k=,pU7u5WicC2IoBmrINnD+waWYQbU9Ea7ZliI6n8czg8Q=,G4SugZJmXKFolWfGqJt+cuu1BOfnxwrlSXZ6nQq87Mk=,/PP7e8OmUoyx3ZNIj9ZVgOqzP+0MJJzormnF8ArkxBg=
g/+92kTNjhQk0t4Pk8hZp9JfnonqkjeLeHQUEWFz+ys=,8qjIMtPPx09JXpHu6+r1CLmqHiuTm5EIh0iCBQPrLkc=,IZnIHA1Q1VlDr7fAqNcWoxY0VALPaJZ+1Q6KcKO/nY0=,L3lDh3QF6bxdcNyShHTQCXCaM0XXppcmWuP/FCmI7QI=
ok//D/yb4CsMO7xyatE0fwlvt1th0vnqxez+mVYU43E=,r4hS9TnC7d/rAN3OQVAyZs7MCWG0JlTBd8loRIC5Qhk=,MCrRJsIRFVoKBB9+OXmBiqJk7EGXoQwyU8z0Zj1cBoM=,Ac2PM2PeIup64L6myr3hiMfhTS9AOfqD+/zauC8zpFQ=
kTD1InPP82MCqUBKhJ/lIl+wb1TEfWHz1IctPkH+b9Y=,AOGzOCzKz9LdZAOOfNGWFCVefbNpmnUWiMUBbZ0TnHY=,lC82fAS62Agmw4V+SRnUR6Q48rELvC5vTCNcVdCEnVk=,yFU2pqzEwGbhPS4ZXrARlGWwp6UkfQrAx7FyH1TcJJT8LqGAa7PN8faNZRHBum0W
nDWHlqS9siqX9Sjj98Dju6lN0rqVC8YCVoeyrKWsWdM=,CwuLvGkzFgwApRwUYPg4OkSiI59KXmsfXiU8N/ImEc8=,+0hQqWQm7rGjH81RiwhYlYmXFR+S552O0elrZJbMo+k=,n4lT3BtVbGUt+wPnGkV+a0Gu7C/f9SWQ7iGS2JVxcNU=
dAEi2zzlt4AyhTbtWgG9c8H2fYb3zkE19m+9L5zIQW4=,kIV8ABSebf6KTcjN7cC2vav9J9WjW6bPeYSF+/5Q5+w=,2vfyj6vHlDtZ8TfC6HPOBwcW9bClStGiVsQ0BwOTUBo=,3WyOoqmm6NmvsF5bYhpJ40Ubowib2tYb05Vce0v8RGA=
hcxpnfqUzjU8qBfPHiBMssqOvh5PRAyA7MYiVu8q5Ms=,ohn8rgAOWqTOxnZ9CPsa11zFJiQdD2xp5q+kY1MfwYM=,ZX5gj4+esKQyhVSyQBCb6ggufJQFpR2NncqK+5GS4q8=,chlLoyFil/BzJvbMGZt6FiXitfBMcLZZ14iiSe2Dt8Zr3F9ugLsi8FRW01FArIbb
yxxXNUV1eESPv45XBdNY3rh7TfJTkGMxNwIK64Oh3vk=,9noLoOvVenyiw6cA9tz5qq5LNHM64G5A/IKUgI224mo=,xAhv+8Pjrt4S4t/fq5DGbZJ72kTq9ybUEaebwbduhtc=,T1iouscnGOxELnl0jOHX9RXShUgMT4jmsdVRBT/L3ts=
gmnZh+0c+pUsIEO/d88PLwVQIOUKltLXhHq2DOguO8w=,w6AlCtrugO3GVkk7YuB5jm43WxmaS+qwRcfjua5BM3Q=,xVXKeVcs54CcyZ/uVzZpYlI/P1e0ZKRdUE0U5yMGkPw=,rLSDBAQvqctjING8kngH/qsGmK1S0vu2BASSeB5HrPs=
f1tIwJF1XnmjArO+qTyFjyZNnysuSgYAvlUR86nW3oU=,JDxNzGi/4QnI9p7ho0CW3/mnOiW34yhUJSmNgehwKaA=,flcUM9PopcBCl7RRC6QLQ3mrvmnNBVQQuoqpiKrIxYU=,duwCAyb/CS8OPz6nLJKQtwPas10i6iSIyFSKKtrQv8I=
UbfswPN5emBtyM5/DWY7tPZasktiF9QgEDVlZ38TUC0=,zswL4b15EOQYxxiSbgJxe9MGGddr3i0dK1R9N5qMisc=,ucsm+HkLep6AUZkDaSc3gJooxBXFLfNvAvRiDE1elRs=,RrgmCWXg/bfD8pONV6Zi+hQ2M8U6BVdp+Yqu2pYh4hU=
XbnAsVrWTapWrwM8W5w1obSAR9iMnLZfabZhf3MCZYs=,4x0EnW8UYYwlU7sKKcqZTyYykWYf3h447AuJsuW98GU=,T/zBn0dFLEHrUxHCeDaaxZ+2dF7stZvxrXiHQAWMvxc=,CPwAiPbKAx/zT0xXEKbcs8Zvgd57/uMlxQN66qR5VHPxEodXKLQgYVbaXf80hz6H
BMrV8pKUSGwvbtp6WHl4QoMzbFzz8ibaXfjPNhnskQk=,aX+VqcC9m1hs2nG8NDHLePsu6c4SIM7OjVSWSV53S4E=,5OuGaqDR2qBR8zlNMPsF8zm32blhvIyxhssg45tXRRs=,V9o23lWIBcYqLCiHG1ma9IiiBPij8j2F16tOX3HztjBUQxXh5Wt0IMA4zcrS4cvP
4Q8vVJpuyHHQKIrwzL7qzocSKq63UJkmg32XOcQQJiw=,aBsD++XSrJtEkPYj3Rmggy2DvUzhTW27Ww5ktsKl5nQ=,SyO+MQfVlX3sMQZ/LpcIjkR+csuncKzKtzUXxx/wNu4=,2d1ibdBpihytgq+VOMItmQgRDRjVgyJAfJ5LuWxL8yk=
9puzVTM8eUGiWFxH0Yp5oEQrE//R3LmTyJ4D+3tjcDU=,5JlixodNb67xoEXH2AN5DnZ8/0qQRDE10dhYz3EJHtw=,ruwM0B399myWeXyf9jEkt/dNRayeo+OKv3mK42go5s0=,U3Okvkk0BrDrKFI98hMnjaGX8Gn3I5euYFnGWfPemLo=
scPNJdB2SUdUDKxAFffc+6wSPEHdBGQUxWEHtc6s1OY=,QfyVyto9GtQjjZkperJQF9otqLNpxoBxSQmnZ3K/kog=,Zvc8ChsRFXqLac0DJdHxTkONHUAyGTeNErgCfR9VOrw=,HyPeFd8OtqTOuYgVzjIGL4w1kw9K3i1lDDOWUR9wyfsViF54DgcrK/8poX0YMxNt
CJ9CIubsqGkijO/78PR57qkBTbMb1trVPF3X8XmqhRA=,DhQQOorwOblpRWYSsJMwd449wrKZCizh3SbpcqzKadE=,OskY0GvFVcgRL7y6aCkqPP+BvlinYmE7brLWbwUnnI4=,SwRzc62mI+QF57VXH+5kFC+0K6puChmbil3Jfyt22Iw=
zC7rmCSqz/4YF4u8jMrfPDkLY1jiAy/ve5Tl/Hbekwg=,KcnmiSQJJV9qcQFdvRMN/qacuiRMzQIrSzQpgMzAXp4=,GaQ0TVAIWQNc4OOp8Nl7Qt2cKDiajGYMNE3R3fARNvE=,H9zDDStNx1L9G8PTOFledps8EuYYVHkmXN1/5W8xbIo=
4kvw5duQM4o67/InksGko0FxFitLAr6PQtQfOwrJedc=,OQh5Q6Qs8l0w0SlbBK8oZwlXDNSwDyaHtOvjnEOimpE=,yYB1to4x3JbNkwUYwCLdhlEq8TWZOasnmjMdmd5TsWI=,n4B6J342Lq7pGDirrjj/FFAvwPUTCW7RrF4XfGuzdvuU9nZvj6SCmdSG7FEdI+8g
PMeaEWfiAfVoteKzvdRu+EucRx9FUFQTgBztpcbMb7k=,qAY4LOXX8MCoeGAlTNvBQ/GS/ld8ygCsKLOrH3T2J2g=,c4edzf4SZLgJdl8QVK2GThPe6+YQsMAZrvTFyWHVdn8=,Vi0nGlXbIHdvVaAvo8bcGc4YLSdh/FaDWPP3QcET1Mg=
Ie+cBlx4/sXbsyMl0YQ2+Vf8zz3lrThDFeWJx+zM8Sw=,QfO1tQxz1DVhqUwq0Mk+g0o5oc9vYyJ+62+r3dt+ovQ=,BRMr/9ORx9C1sv2csCr7gu/fu/qvTwr2YprP2kKHXEo=,fXvE9A6KcuLSyQf82iDXJwo3KRjhap4pOiHuoux7r9s=
RHFUVDpTe9F2oI6faD7LyaN2E7LsAkZDzlZU46ALeSU=,zHBY0/wO431RpEyyK9wrGdkln19IvrW1nKa27Sl05K0=,/GNrrePcuIhxCPkR2h/mttdsHGd4CUR4JA+Z1on5Kwg=,WaU9nXf8HSZ0VuSY1JsVqpgqAimU1NJkyRlnnlexCpzC1jfSs/LGe8fNHh4s7j04
J2dH4ONs2StR18Dl8Yyq5d+VxB/Vojnxdi511XuHls4=,xyKoa3XmbOoX6ughqe8cqBq92CbGv0NamAideC+jp1k=,TfzSYdxAy1Bmtl6UIqm9OI7sPmsDwbL/GU6gxR+R4iQ=,B5oZkOjzxo3XwmFgZhyKE+sxZ7/xC4gYnmiVXZCeHU0=
y6adGtsYptU8PtRkFnIW2/GmuT8DroED9ZrKFeFByHk=,m11rVTQImPQLNegx2llGeOvuPiV6IinKkuY3XwTKpVo=,JKXzpFNitwH3EGolnmM7ZI1J4oC3EJAJKPiOW1PLeQM=,W3tIQXU6BX0ebiZ9HcxuUWh6L0IlN0JcF8Bc5T/wflA=
mj2FcEekkLF59++71qXaPBlANf+W2SUI1eUdi3JmaTs=,+WC8cMyaL8Y82A+Q4+Q5RM9nAxihXFVyQGGUM/Sb8gs=,Rkg3LYf5bJoBAi0JMMKF6L4mcSJF3CiEnnpYDGm7yV4=,6Qt/kS+58yFnscWRSE+2NcPHL7JM+q4QjliWBoLuW4EDIZaLE+pNnA8ym9JovWq9
MVgI2zohObedLludGTeWqvSu8uFcbA9R+WUSmfd7giw=,b0i1uP1D1A7v78bqCshiZ4PZNlWoRuVram120Gb439g=,RDrVwfhSSOFvq5oeo3OhoyjXUeUEmswFY++w2Ys8UEM=,fNXy8nnTM1BLliKYQl6lgvDUHb2zgJQgQF6oEpSlRt4=
QYb2zM/8F49HdL7wqOkhMSFefVwh0WPAvZaxwC42Frc=,zjcw4o65veRM/5M8QYT5zscNYa92pMhXBT+RtnIX3a0=,9cPFfdSA93/dEluQBSZ2Z0Ecu31WllRBhXxvC9l1deY=,v5xOPoFnhylXm9kqOUSQ+EXBhJL+kB6tkQOWBhGChPo=
ehz3qBmTB0JLxuYZiMSoVaWYw0GUYbxw7fDEt3gdwWg=,/CUilhFvuvcQcjFAj/OQ+f6LzUzFg/LtsFDsai9/y78=,6l7y5x2EvNf3+I4wkj8x1gBVv1eD4PBmL7H+laT+QV4=,7/SD8nH7Z7iEGC/JLZE+qJcc59f90AekcWe5817K20wX+KWIHeGN6liRWHSgeRdI
T5Jl7twrGrQnNh5hoIW3JPre8ZrKDisLSgM09EUT6kc=,bMK8/vqj1t1/lOHwAZ0FyQMNeDw85zhs0CPFKaYzeRE=,ZnJChrHq+SwcwDMkCm7K7lekRH88AVVBsZnqV9Bquj4=,7toE0AeRS5v+8CIlTyN4meOm2WY6U4XlzUeciC5M8AY=
wBzu+zM0mH84Ei+x/7iNyZNfT/lTXxXbbIrbIa7vLAg=,07BhG+1L17JKQ36hXDp6TaJB22UkXyBEjJ7+AYZqbHo=,Sw1Z7r5e8b2OZjU/K+gHMOfhGfx79uIwqdAwky1sg8Q=,ete2FKNqfd9RhQpMDztapj61f08yh2Y2/Q833mMm2Y8=
9Al3cJEpV46bUIN3HAVYh9ob7vyLE2CBDhuFAfWkw2o=,C4rIqu1WlGRb418JZZ1thN+dL78OoZZ99I4KMdZtb3o=,fudNij7m1yjCBviWrXB0Xx/2kdnupUlVJCpjLX8sfYs=,xbBN5DNLkzgUWVPR8t37PVm59jA5DLBl6juPe1V57nHua5k1/ZFqMv+iqKpwjlIb
UCTo2uKJSezkE/+4aEc6skgBble2NBzPVZSipWpt8QM=,gHoOWex8sFILcvYLPrRxq66Z/Hd7WkHYs04+eGP6tOg=,L0hDW4aDY1AKDiSJT0qExvXWXP+1Urm6utsT7WeYW2k=,PGLlO60Xwv11T/YqhFJnakDPVzuO2MehF1r2oM9qNSg=
1omcO9wqRN2J2ZBbIYn/TbdQ9l2XJnshQAH6aNXFpfs=,p5gGuhsw/HLVRYsJ87bDJY9upQB2K/OuswprUtvxaDo=,BCd0HOx5sPTzlSPeqPwNm3cX9wJk2wp1NzqPu/Vs85g=,VO347ZA1C71n2vVdiTRPksjdwn3shB6YzyDMYF2+YmE=
KONl7/8/+/jPzwDwxLYluqbuTuW4ni7XtYFFxZMHvq8=,xevvSV1ZEcjG6pzLEVHfBfCzvOXP7Nq4vQo5mwX8ZqU=,f1sKd1iUE7vPg/m3NNA3TQrOE31pGHT+s1UIg7Erhag=,I+rdXc2Qkgnhu4VYSeBjuCimnwd2NZbqCnoBOtLJWjs5O49hvTtoI0gZK/tphvC7
9T/vsJucrp88Fv7qHc5bwzWpyaSuUiJ9JkJ1FBN3Taw=,gV2BVn0JtDr7aKUhSzfQWrNilVONqwulT+F9VfjlGF8=,nQJPvXgLsw37w/NPiU62RnFIH98x1sc46dCyafWpPeE=,rRFSabTcpudXv9ZACtw+kMYM5H5nSKs1m8ujo8lYZ+w=
dAPWqe2/gTgTS7D4p7IQ0x4+PIOuQ0q7co/AOBjruXI=,7lGA8JDJv4ia4DY9AagamPgRw7ZrTchk/pxoXS9euA8=,/hSSEB+ufllgwOs7BHAxi1dtDQ9CWxivsHSitNozcdg=,55Nr0blvkDng57wgSDU89IR7SxisK3yF4wpSRQLv9nM=
qXUtc/vYNVaYXC9BkfnzsQ3icR1X1mXJDAUZE3QwQww=,ZAVvKnG4oIdiRsuxXHrHWF9UrMNvPtNK2c+GqKuk+94=,EmJq5yS6kY65u1DOx5rv4Futa6NhxDo0v8oBR21qViY=,LXyJr/qp0+llIGZsnHxJ+bBHk8jq6oKlnEtfjOPYs/D1hsonc/TB9/BUhrzqDULB
cfalS+XEk2/DOsiNtUKVSVDGqW6xQdoRjI2sbtq6UlQ=,1WpTGwMleJbS2cSnTBWpPBBRQ6Cg29t3slwryYZ2Sz8=,8mYf2b6E7C7T1+EAu1H+ZOpEk0p1aAhQVH1lrnUJHbU=,wlY37/xaNy9j010R4i6q/9Ugy+ab0cfyGoOmHBZawuE=
VtBNIrmTY5J4STNglx6H6ISd0UZ0CnPVPwh+ykkPGc4=,8CAy2Z/HGANxxm3jBFz/A0Z5KdIeU35FgZz0plrd4V8=,91I4K5pe8Uc0LFccjdipREJzGG9y5L+yFZQFliaYSL8=,kQtlN8VlQ6Rzld7oru9dWr2JtiacwNR0nQfxcsFiQa4=
5RvgYeQlpPrRJNn0DhJqwJfDIvkUOoc1VQqLPeMpNpc=,NHjgMt/2IRlC6WtQ+UBc5n10Tg5uXxXBgSzsBhqlRUg=,RbokIZpzjgo/V0McoLoRBmiyo4tl+SJlCNN33sg7GIk=,Ygo/qZacctJPmzlI1uOJ118pjDcOXm9PCvg+ZK0TrGU=
xOeZsmeZfDVqrmEND1bDuwEkloLSeGRm5dgBWzvhjuc=,/P/v4409W0Yme5ilnSXtKrmH2dRrtqQUwF+1IjuWFFY=,ZFluy5cd7Fxzw+wAQH7gf5n5UVZCEdDb2F8of0jjGJA=,ef8TCckr0TS7h/XWAIpc3IV/0iz7PW8DShLxfI65JPBPjt52/VV5P30I32rg42Af
jkiM0BsDyWMS6ZDGmxGStDKmr1vrZhqHqTK535l3VJE=,HPBqrQC5cNibJbeqH6XtKPTqXQX725LHrBBEeixAksw=,ZUAIfkspLiL1Yph5fU4DMWddLpqj9PsPhbcfavoqxlo=,kwLyyPgmRYcIyogdT7aFMhDGE+fJBhQJzEt1Yf4iX6Nm5WVHPTE41vn+pFcoiD/PKfMXFVbSkcmEmg7TBTCG3am7CN5Hui/KcrmYlRwzLn3jXHDF9IKmdp2gxyfVVyRKkZk1tmdrRlz2XX/+7HuICQ==
EqnBW0IMxP9Lbeu3nPWl4QN/kyElv3HdwmOjgVr1ETQ=,fEfSKgyI2+bq4umpZOQRp8b7VZRU1EPQsRQIwbDYec4=,7gLI24ISqush2drvIn8KG9Bd53AfJUDUjJ0JNr1qgGQ=,B7+K8/Dtf6+bvXNOtrlftcmc1UpWQZx45IbquEOcVfI=
pvSrwtFPUcZRntvodNDsK4jMgOAXffK7sVe1kJzQsg4=,bXNR/Sz4gYhb0o7rG1NXaQWIGrcYfjyFkr7YKuH+H3I=,WsGi98M5Nqsv4O7ayyc+4fYUc/ZgDO0wpOGpS4HPXQQ=,gjT/FRENHH+/GF5Ga64QXS77dWuFzxtecTtEUKKqxmo=
1vCE5vb9nae1pKBYXdSOtvBXv9HtVcZUGCMvsKj3Wkc=,z/uqimpNaEJJD6eJfcNeu5CRbBszVY2ivsNegVdt+lE=,9dU1bR9n0ov4AL1VN/H94L/R5QFnwStuhgtWjrgIQ0o=,SvzUIyuFgtwyEq4Aj4kYzRvesj2TD+WAMChYT2qxbzk=
hK438rhehBzBQ4kLVyTe0lE0OS8/7x3IOZ3ToAk2vdw=,5HgbTvb2EaCoJfwEVM0DYgBVbXejSZhnrRRtK/H6aMY=,6X0NYNbU2KAmD4/AGIyCvBHxoQjSvaQrgIozoRHJnog=,JPLnrg6HB4dtXVLqlswdAD7H/O3jirGPjqpwSCl9NcDMpq3CXeq0qk299Wbbsneg
T/JLBWdeMDHhxDV4Y7rRD02Zp0KSUPefQs5gMC4jgzA=,k9gVUv9ApviAveKUJ7uoUZH7BAgx58xPiL8d0q5zAEY=,d/D8q4wwEfxNgukCnY27s9v0ZCIDoUg2jROgNKFhaXo=,mViFAuRa5xarHIPRMY9v9di0jBzsPkOoV/lYkxcXgAM=
aAMNTB40J5SrtYcvzfVQbolAgpo2iYHtTe4gdZ7kIKI=,bceQPFDxfCfqiHSs6P9FiQKWPk06P+gqecJFESS8tlA=,ece3otQhWrFAIedO7vEXFogX/4GCe5RR1GZe0mZ8iLw=,Ok3E60IoBVv1XCAZTxK7HiwRSyDHHGRl/xZRzsGD/b8=
FLcGPJltut7RGLurE6LI5MIkhwevFS4xicVCB/thZ7o=,dgyeE7jY9KOyeuMFVnoW+P03nP2Sgv4puEt6rYuw6q4=,XgPrrhwYLG69gLzvuqaZU/5Yz6PDoBslBjuiR5SkcVE=,5Sck5Ph5mRhf/zHbFx1CYpjJgn5yAd08GVom9UPYzKA=
ruixCC8OONvdU7QR8BYkz8DYzXrJgPvaMEreUWL0yeA=,QJxixtcN2lUdeJEgUgcxX6Nat8HkqlJqqwWV0n9+NMo=,QiuMcIhNvinR7WK5evAgJFBR0VHlgHoe33yrvr9LnjM=,OhSwE6OQ8I4yUGfPTv61aNUEC/glH9ZHS0ZxZXtMZ+E=
Di/bWlxNue/Zy5AklvQn4j/5/JCZ+y0MJ/vmNT8Sl8A=,05E83YS9yX3+KJO9mrzWvJjN5m9S2c4DardFGrc/uIo=,sVqvZWf9GZKuECCrna7GLGkomDwrdd0x0V+gU0enEXQ=,iew1uJlseht3d1ndBEMSTLMMi3QFvE2GXT4QjNStOfo=
QoCG27tj5NQZNjYjrEsFilAO6eemg+XgSEp3sG3uxpI=,+Aj6XFQgRBPCnkEgDli/2cYfMN+I5gCjG+OQrz5HW8o=,JsAyw30Y+GwGHLSW2DhRSSK8I9tKtixzUBls0G79Ghg=,2BQj5WUvOl8TQsROhevt44sdXccP6wKZI8NKcle3O9n+HHGIxvY3jhYw7dYSL1IV
E4E5uM3NoYOY0VjYQzPqW7uTFV/jnNVv4Fm76KfYjRU=,jh4JPHy8+quttObx3NiYZ3vRQ0SAOcAZJtQ3G7X3ZMA=,0Lc6u5lL4pe8G3UQKRGsncY8JzOGLwRUZsYPhiqfxmc=,ZdlZcFjclDjyjCiwnJIFSzT0wbhlaF7kM5l6am1swlQ=
5oK8CxBYnTe4F6GiRAKH1idpzRHTiROuzzJ4aT5nX9A=,4CRXg+P2Lpc+321slGVZ9swqLfC3X4lRzLNLFdXu33I=,TebcR+r9JUzWCYHZMP8nKF/KYcrd6UYg7Oss5+AZYgw=,uLgE74RggdIMmTmO6TSj00rujXwRBKTmFPXell84vUk=
jQhJi++zQZ69bSTiCW17WSrvUG+XnK0acsSwI7N6yRI=,5mbJMZHsEcH6D/pgO0d4yyyV9O7f/V9VOjpDgU3P9l8=,qUx1AOjzD8WA3F6arFYY1RsAuyOkU73aZIHExBCMsP8=,X2Q+1RaciCZYPaMswyBMmF+3EGLK6FVqLhVSqVfmM7B0BL2OJ1rn8BsINZqZkTE+
KqqTvDa1LRaM5iYtsw1lM0+M7nDmQacHVwEYcEBtak0=,RxXyCrQh+KjwFCrPlh3qH7TmrZWvyL73ZhxLsxgoNG0=,MGFdoVcERlbSvbt//rCPyqq+4PWWB+k2FRK2SGzZZ40=,L6cBNA7/7NGCtaXKHndBrLINTLQiJAmtVjxvEKClJVc=
D/VRj3pNWKBd8q/zLPQzUhD58Q6/5ez+PNWNDS2oHHE=,fPPkSv3j/WVXVl8c3mAR5jnYddX00978DZ6PzLCWK/c=,iJifeByh1Ds4eyQyWJYc+zRVlJ0eKjWrYDoJESCYf80=,7PNj/3G9SjR+esFHvsKWo77zw7AJTxlHQc8qSnlYme0=
7H1LD3VHITWZYmrn/Qi4jZ3SKN3KlWOjYxDX8wlA4bo=,HoJq3OplPBUwqu9tsaiv1HrQshHdWDRHG+7b8LJ6zEU=,nsiK1xzdy+5dKS+aB3WhjFS4D6BjS3OE6zzXN18T77k=,zQSd95tfQH6JfQbuNNcNMFjoBYOopUCeHFFLJZJhECU=
zmafOWpK68k7l2SF78RCFrLBBL4FBCCM2LKeELO//A4=,WYc8ZcoOOXTYfHsQFOd6xCYPmq5SFrgzYuUDf6f0Dn8=,6TpQ3XgqPeFUG/sZU26Y072At5tbHSa66NlLhRXmBvQ=,FOlHbtO7fVEIHfJnTIRmx/RW7Zi46DeAixItdlTC3RwrXpXh573fZSxi2s+hMrfK
99LoEq8P/vIuL5qDrb1mTj3tAjvL1EiZAmGyYU4m7fo=,VoAL1lBxN0UfTTqsKa2s5+Cfq9NBPgwSx1vMiA2Ss2w=,JBqe0fgmKGeM6S0l6cCrJibtYz7qdxOg/4fdsHNSpM4=,st2HAH0/wnnidIKSsdzJ2wRIoe06l8bPUUY6HCUg+Ec=
/Gk3p5wUCw0OEIXxiBTcAeewcjFaOGD7oO9zRfVZVx8=,uNzdW43ATpqTbIuWY1+MiiJJPMi++I0VNbsdAgwjxvs=,p/dG3HljkcV+y3rh9qUcrkAW2zKPMnK2R7UP1MmjPp8=,9Ewc3z6AVqLNOM7iTID0WmL1dZp0wYoC8srAdxjaV8k=
1KFNVnfoza5LC8Ro6wqIOYRfCBeSXytophx15ZnGSEc=,1f6UO2l4iGzx1Az76NCuI/38az7xZVNsh3Y33zDwjG8=,U0LkFeC4M71weu5ICnDhSfwlN0eOKFLEyC7dIhDwTiI=,ZPVBHQ6UtrNJ6pjNvQVpEcEZlz4NdREpcoZ24nbAYSU=
or0eAAxcsGREBoGpPFcCrduB3GaGpDKoHaXKc/RnJBY=,IT4uzOPnFOMBkEmNx/51g1I/VotYRcOYCrdUa1An82I=,peUuXnLFhiJj1JhJ0L32cxUpZ9mzmLhzvCnyF4WpimU=,tCsr4OoSvc7ZF18M4UV2/vVqYj75jGJaI5EuhQqQL3g=
iM2yr2Xk+C00jcVH/Tt/gGq7RjfQOYYiKOU+VUHkQmA=,qZmacsjaaOYrWVh1zSfcReB3NzNBRfMpIzACoLv+QAA=,EzWgIF11jEd32rl9NX23bFZ4r5w++7uDX4ireLGXkOY=,bBrzWgy9Vyz9E55/zi5uK8oF/1JvWi2iwLfEEPWt2eql2VqcS6MjopKdfXAReSgO
7JnWy16QkMnMpHJT6gFR4lDM0bL02g2iLSEzmoIzxXE=,n+5M/WaqKqykF9xXwA7SdiJPuQvFJCUJ3/belv43oLs=,RAY6a64fxCZMJWFg8vODaWYbkSowa8CfDd2CFqWCmB4=,0XKbs8urx82P2R04E6KhU0y2qbDAr23ORtMwOb+hEbs=
AaGyeESEiRUp+bKBEn2guTS8V2HgWrUsQ3BMmlKbRvQ=,rO7EPFDFg7lGcrWwd5ETYyDGIdiIbGueYPbdG33joLk=,lK5ij4O9jkVloyNJPbzfeKZLYGsfDqk+olNXRRpMV6M=,NCovu4spXlhKyUbPnMEQqB1Yxml1TIcDfqNJo9kxjCg=
wE89FBZ1CH8974ZGHAyteNpKKSLC3PCTr59TNrQ7/Z0=,AViVKxP5Jti2NVSVU/yu4ZsFNKXknyd1Pf1lVSmwKBQ=,33Bi7jMCueb+YhX3QdnhHFuk9RnDmc1+PXx2bdSKvHw=,kcVYdnIOzOSbYYo8njLBz0xyO0/3yJJiv1L2zI86KycTrfh7M/zUBtwV6FMiPKUd
PV3fDjYfKHD1UO+P3+C0URsi/tJj7j3LsaSxGZ4mRWM=,egZQIGixygw23wfHkomLng/X83QDvII+0M4MWakjQSc=,3gU+ITi+jrwkmt0DHYzZNDWfH0qidHsd65/0Yojn8eY=,/Zghl2sv7WUumtthmlMreuI/KI9+hlpimDvCsMeGkLo=
gsQ2AAKiTc0iQmAXr69Rr2cK89wh1yeYepAr/AyKXJM=,ydPJSe601ScSDOB25sOpkoDuvxExWZEZeg49aejAD6w=,HMzzaq1RjYYc6GGdy+Cyzkr9X7qEckScUWvGQ4HXNAQ=,XQDewhkVMx8vkO1TD2IvmoNE8Hr8ELxa6c8VuDwxfY0=
ytZiaTginaBu/Cfq5IWrRSjddveOyrB6WxCRZlOrZmk=,pSrve4rTsG51rl0BOxAoYSxlBah4BqBSBFp5u0i4Qlo=,DOEEtYwE1FFa0og89Sci6bopmKsJ3wxBN18si03iXzc=,nKiDrGqRYB9LLsNqmJqNT3Hbg8b1vx1zBFVdFD0UmpisYvAaji2+SpyzDfO0yGbj
mnMksw0chJBtQmCXCQDCq4P7BPomw25jja9xquA4Ts0=,UiDDMVAuNZkBiRFF8rR4VqLRoOUpe85xu61GP51Sot8=,dotGn6YD41FxSfhxyNDxEW2VZSsY9SzDEjGCal8qj2Q=,WjZgVbbcOjVu0FRNIgjBR5QO/bNzr+q+xitlglZ8Nmk=
G7h5d2R9qvPnvnHM3lBKVvFlftMrGF8hDt2wbJCI/bs=,e4wKngb7C+JFaaliV33TD6R7gsHsBWJ9uKL9woWpikg=,AzLnJY3RlXzZt/5lN77yg1jO9XOxJi3jfO4WIBJ7+J8=,AfCQB2bokxsLpcamOQr/eQ91mK3GnD6l224JUgSdoww=
yc09zW8gQjFAsEyAG7u1Zx1foCmOb0jAFnGV88gxDrE=,gk5tDrGutMdI+ancTzHL3zJxwcL/fyhEQ7sUtQYHqcc=,0oxVUi/9npe1v804YuqIdQP/BJCyFh0Tlo1b4P9PbXM=,NnO7GumkuM3ctk1Q5IWNgMVVHnmxpugIEEBzIwbt3YI=
