JFlLUkiirmov8tCfG1U/piTr90yrvR8Zg6ljD2az+C4=,+Rk+zzHM+HL8zTNK1SyvReHJfU/IOd3O2QAXh9bCO5s=,QnAhZZzJmfY3Dg082tJuNFCCgb3AYcZUIyCOAX0ICCw=,pBUldo12V069OuPVSjxtD2uIEAE1iE8JO3nvpNsBJFY=,0vKxjfNVhK/BUbX/VcTXjEKmQXm+oT7WWjnqHOLiZ+XzRBa3Fvt6sBdxw1j+/uDu
mlhh6zMx9PWTnofNd3UdsHO2tNEha9kZeqT2Rqr0OUg=,xbPWuHrJhC/rgx4rlNG0bCbtccRK1skoj+9p5vN8xlI=,BZ2U4toOzCrQg9eHv3DAEJ22jW4T3JgItZJSsu+qrow=,SowIT5XwkREQQxxbDvo9ibs3Xe1hLLLlc5tJsvXO4Gw=
qd8JRrLFa7W/KBBGXWFeoTSYQRw4HnO+J5QSq/OoZGo=,A95qVd49rs/SryVRJ59SpHrOWvfcvcpuZ/5tfDJbgxI=,+6E8I+QmzUtAKjnxwZz9B+zdJ1bWKUrD5Ba9U/u3uT8=,UKaQNQ91xFOQ2lXPfTGvWeu9X6ykEKCOoRJFSk72ZEQGVM6fx4KZOfAboM4vP2Vj
/xpXTUGIWeDfdmXcrpIB1OQhwZFQwImdQAOVFRjB1t4=,K5rFC2XyLL4w71yAihnd37blWtCOSMrQKsfNCUvjf2E=,LbNCeiZceT8cVKuvYLCflWnbv1z4QIkdLptV2Oz7Luo=,HhD3ZRxf+R0rtdpRTzGZy0bAVnfK/Elra5hm67curuABxRP/wpgQIHshbZC/1Z2+
f0sEQwMr41Llr9GdlQJfwWEiNafkd5df6DK3w7wTUD8=,tgEaVsziTqfhIVsM9VB8HQohtlVCME20vvc2BPRASkk=,ft3EJr6pjyvHNtjr/5Sp19+ctMizPvq8SrgAhDvuhQ8=,m3z9L4K6nxhZCwE8WQy1RaNRJ8uXzJDdupSileLihbzQR2dxVgeiV56vx38BTbPV
JzLzuEMUQyn8SDLiMNESvfyYLAnVGSFLU3yfDC1orNc=,7L4qu5W1fWckT6CKZl2kiSv7yOMAXNoLBx1cqReM7BQ=,FLy+90UOKo3O4yVGHT51/yzOp4xpob1XqsMwM2gQkjs=,3MuRfEG2SExEnRatTuT1vd0XR9UPt8NipE1fgutaITrknSAcXQ8dR+rxtvi96/PY
9QbX1wvipHlE5gjWXkgY6UQ+d7rwAbyOdRjAyKp4jpA=,hvH6YspjLBGfnqgSLlQaTeincKaGfEJhyxuz39Gor8c=,8HnO0LKd7HAlJVlKSIgXgF6hwWwMYzVH+2E0oqbe2cQ=,WxXeLX0/xcBkMLiKI+8dWUXG1uxF++zAv/0pcC489n8=
Wiaan/evdYXLbkMN3AMqEUyAwgxZXM6rNUPRtyp5r88=,CsO7MLIwcCO3mzrYSGJc2ZOyB5PxzRSIH1MMtb4N5yQ=,AvEbi6orkoN8fbZLza29Af+q8TGiOP9e+UQ9l9GgKuU=,VUyahxXtuRHxoHTUhKBVX5CgdH3QLxZGYS+tFJHdBpA=
AaQPnL3NFMpC64MJhz9PyxZ7cMlMgHVw+KqNByuuws4=,ezs7GSg4iP+gdEChFpGCrPFLRUk2tODxqzbig073Oxs=,4EU5GyhFT/NoxEnOeCoZLJnYdhFPuNrSlsVgQU/IRic=,EFr1G0cjRLGu8XeS26cOGq5LZJILR7aHllSb9wjVkz+fjde6vmUvEGp/3Anm4h2T
D3PPt4vbvF/ajCABbL6WCHp5rozhouJJab5KlB8kuKw=,Nih2K1v9VsrbIsaNQey5o14N6YDGcK1aZ5bDIQSWrYU=,OG/8lVQCv3EmM4mOMPhe3jL2duNQ0QKh7Up/4x2G+u4=,yhIwZSC8RG7e10EAYzZuHV7QBiwSM+Wf8Uk5JF2wz3mis2C0VwZZ10qI7hUNtGlj
imYO33b5V4EDo7tyf1hZqnQVAEdiK1MhW6wknZZYL48=,+3dmT/GXkBrAxmUGLO7kujOFkGv19h/U0QTlTfr9JkE=,0uQPGu2UPdDMmQUAi8i5o/S3CQpyhF7T2kw2b74dCvQ=,qfFPUvMz7ZbtzSABkYPl0FR709dg/qMWEYWkltqHM+axSE1VuvrGL8xp2IAJ+ub4
c0I48HvuJasHEJpf0uUdKir9DpqFZ3Z5ylNxIIABY8w=,QZG3l319fJSMwr6tiIPtnW60fqRCuUB6LZlwwK0byEU=,NSPH32w/yoGxNuO4yQc9ax+NwxlHrmeZ0ac2e1t9Zoo=,53VNU/I0tAqDqu+qPiK5SyvCTaTqrilx+4l76Z8TyFMbjfTwWEvLrrL43ty8AnzN
rraYnnDjfDBOMpMDwsdYCzohTT6irxWTH2XrduVrRa0=,WMrqjOFqnR3Mi7O7D2vxXeSDOwWpYYVoANhb2cTxWIc=,j/utnrqW5VQZhPVljIygQLnuDGYgFCSmgPRL9zvz8EU=,HovuiGMjOP3I4AcoaLhO1ekfXOa6q6z5OIRo0+lJl362TTcRllDBaL/7PIRjixQG
AXIEfDsDkqpvjSruLaz8a1daMw04S3vPPK4NHVH9hfw=,bgipvz5b1k5tHLhuHgidgyaR5OgR/JVsQhIV/EGlkcc=,43LUyzgSe1SBTiasbdXU7CujGuaCWhZiUQHI4irYhtg=,IXx2QbYAxU3WZcQ+F98hZhEdFdJ2hRfSZYDzBsi8+rfdYARzHfaiDQl5cSaL2Vbv
vgRuPWSkstdN4TL2u4ben5OjbchHbd+FDThM3aaIDAs=,AedRudY4IhzTgBHCBJuieZQn94u3ihwwHplxnE5C5pQ=,5b81iAoMpj9WRUNgwyCI9rxM3UbzRi68oogq+hRHvkA=,hlUkFHGC9+hXUr4dt9+YrLMZ4D2XxpglMH81ClkzOT4=
pU33tuVEfHFF9/aWBxZMj/VmLH6ST3ys/nxg4VqnLEw=,pcHMiPpMXhGT6Vr+ow31tunF++Q5ZzVkoqFyIDy1aVA=,gGTRZoF5Y51LzNXfBRyie/jD7bYJD6RwhYBDDH9qb5g=,3bduU32+GMWvJSJq5dKgYcQ2S+95vW8oJCRB0JnWBmc=
cINL/7m07YEtoCxfbRsaCJOyHrntxIL/wWU3K3o5SB4=,5enDnhkBgfhDh9LjeiCoR8yJ2rxJ8YCQLjHXUAkvamw=,JZWTV9Fug6UD7JoXIqSR4b1HlfuVDOialdwSA20Pbdg=,pAzPJGKvjnwVMVKHDQh13ptpFPtM1ipQK8UEiIZtolhJC+EcVLa5AlSEoD7NhgCc
AeXDZ1cmdcOLGuijnUMGva4BenZvkUhUJoa8Mlt4Y/Y=,44N5HjAhpRksbZ0m83ys+V3znoCZ0+teg5uo1kRINdA=,uspUQCYXnpRxAzIr2vXluoyRTSh93a7r8RY1S1l+pg4=,Mi4+wccAYm2u05sOQoTfPfRHBR07HE6eFo8UkwiDLB/MZYFHBKYPXMEfzLh8s6QJ
eMOTiXRvH7ZdGlcS1hwygiY7yTEFRyYtuDtazutfnl4=,BN2AbgyPcWTKy2/rdG/Xp78qU2ELWWOhKpPZRkir6i8=,3NUg+ZhvrWErr3cSuDNS2ZpPPFKWCU302fhT50p8PVo=,ADRuNEIHmhNaYjfwtBb67aqVBqpx91JaZ7eHeEFHYoImaTLEpmEqUosRd5rpHgsO
RmPFsBSmj0cvIqtdP6/aDOwaOHOMg/F6oQg4U0T2v7M=,iFsXayXf1LZ+LjyyeNH1J7Ckr/zwghxmO0jiJ23Zh1E=,odn8P0BuURR/SDa2wjmGmaf72EjmFB/N5AVS8VBZ9Tk=,iWi1Jlxhd0dJhH6AdtYon6WOrqOpf24c1CUxHoLRy44=
efkR/pza9g0SYhx7H6HGsOOdBAu1kzeBExP+tkyExpQ=,TgsA47EdllmRyUpQCbXAnq/cniv4yhily9S2FpyS4zA=,OWdDEYOBc2xQ6Im7HWgzFbJUHGo1PHiFw18SpiP6Tng=,JbT/l3vq9gUTiWkLFk4BopA9SQZWhqm8Isy6pzwgc8c=
mCYVvmdxz4zJ5laK5+SJPsexCXY2TQXe+S4CxMulVwk=,egQvESEXZXVrGi9WZ61Y5fk6v6+4Qubjcf8fzuGBWd0=,xUDJsxn72UXtstlZZPaSTXwHpMbzf8StJ+UWkJJKghs=,RTzJI1wtMrteKxph051M+Z0vaNCLSTEoWxSX81vWRoVYgH5l6Md5UwM5TlcZ9Hdw
krx2b/ziD/il1cBmGmqX4xEfdO8gMsgWd0EBMzxLVVo=,CPx5tgikBkkzRlD0Wk0qBllHJai3gLGG1Xabq3UU9yw=,Ne/NNf8gwyROtJ0cj+lnUxeNN8df3JGWZXye298/t9M=,3CKx3nUcudQnsNdFg3W5W08s1elZP33R+XVcy6iNXEy1syF3zzySfa72S2TlwLbU
jJbq7qeHA2OGuJPmLdZwKwb13mmacShJBRV4yG82kpk=,ZgOOpVEYJ1SyT2+g5GIsW+z9c6Faogfjkm4xNkhRunM=,CLB174haEET393+rVRtbbHX3sCfk234J7Mbj/0dS8V4=,e2d9QHNihOJjmHdJovxL09MjFtn09vcwFeQlNNwJQROIUJ+ACMLWxNQioYqqaXux
sgyKl7Eq/V917GVFRLLDIxZwbmdUwitU8eTbGumFt7Y=,mUsz1AmFxd8uFUj2OMr6N6M2uHuJCs/4cNgsWkgklAs=,ATFtkTA+oCuTap0ez/Wmrja/q/1weEXBABIDqPHBQMA=,RneIcfiZwCRQ6OeOCMvLNr7lurvO9GB0gtKDAoSiZG9NhaRMkyQv8+PPOLHpB7f9
B4BYuY3cbjMpOA+ERMy/+sJYzS2pD57mlSJKfPuXPos=,QQdfa12AG9+b9ZlptE++67FR1TxvA26sKpGW1bkBfys=,sV4sSK22gfLwxVHUwsLRgU98KF4/PHoVUFrwosdeaqc=,ukajB8bAchOIqKIqCRKc28nUX4NO+X09JcuKbveCiAJaO4tgInH7sSA0XbOuTpXA
qpRUdlk3LCNo+t6gUMVRdb0NFx9U5cC/y2b/w/llOzU=,rAUDXfbVSoXcnsPVzkg4a12UHoO5yfvp5UpREbxWrWU=,dv7Ow2vIt8fXR/VYa3JlGEr1zKGYRjJbBCqss2piEoE=,vHWoi/z9WClJ3Exm/JFgT4kBdcGNEh6Vhuls7W4V4AZC75e0SZrANfmnVxCLAp1I
1dMapS5ZoWIXHdLTD+TLD/py7sBwtzGPWd+QTL9/fvw=,iUpBcTT7Ur7mzJI1++msya1GXDBxEY1XHofBDpwH46U=,2wikghilBKstFJmxc2cw61Nx2XbGD+HpWyrcFFWFWJ8=,L+3YjNm9e9Kz46aJjE/8dpGmgAxK3YOgTBVqVDAf7uUVyW+/jQYbOOFEgOf4ZV51
sA4DEV0foNG7wAkm8CfxuVjEIIX61GCvpz4lgXcd71I=,5lX3kc/Iqi9P+jK2MvSmMUCbNNf91uuGcgXjmaD5voQ=,Fd/nYqAF8MWSe3bnmV/17waxmK3wvlZJETAIco3epsk=,T18wCU4qY2sfMSojPgQSuCKddiIZC5813a/66DFZsGf/atTpjDpXiBEHQXo/+hyn
nxs1kOrQBoPdBrfMEm+GBDG9aODMv9gK2mxTnC7J6Ww=,2/evAgh9aNoeemm9IJTN1QLgZ+167APQbpLQLTN9rGo=,kCrc8hxmIvClTP9XyuXnbIJzfc6RiLBmjthIWxsEPSY=,D5gUpV7Ng3v8FVspISAn88U98jRl/XbnAyL5n6ZfCJc=
u8JTy4hczdmMjYP58X1hBrY5ohbtZWlckBKB3bq/OkM=,qUzyhDDFX0u+8pWsuVpGt7oL6iSV5WiZ6Id9psRqQY4=,qV8ZWsIJtX5wvtlVlViS16SceV4f6B1u0EyDjikrjD4=,YXD3J9S7k/fBba6ABz4gugt2kT02Y3z7uUW6sFxnfaY=
tQPlVCJLlfY4ApsCp5x6KATlWoe6ejzFZdNy9zrDk7U=,T/Os3M9szVTdcv1L4dc10Pl//qXKf0Bfy3C1cxastVU=,waI6bPPFkxSYsryvHzDPyh1KOzj6vysZkMZei/5D99I=,V1WwEjQCJS0/J1f7U67qLdks/JBpH1UcZKz5qRVjIkL0m5ep9n84GRh2vGp1YaeU
lbJ7fYJr3NmRQEU6/XbTR1zl2bCsqVxzbIbJKHe7pVU=,gpR2n6H2dcpXJOlgfVjdPwrN1u5L4uRAjp/ErIzBW3k=,lwWuXaiuhSDQoMzBvDax99drtGwJOrfyqz4ynerRO9s=,exD9dJV9/VkzlAdMQIu9PNVcq1dWhKvixeqvjsvAcfAYoEqwJDzfv1TBR+ZQXUCr
2l9pOMvMf1vr7hXAeYDTSFIcGB7vyPuWB3bpN0R6+Ag=,ZTJEYKmtTDutDUISl+8DOuLTJhz8XDgBW8bUa1Q7vUI=,D6lxj4XfmJ2Hck3DiLhfgm/g/z+3dhFSyV/dbCx5Kj4=,iCWYc7jbuS7oftOsg26hAgfYBvr6L3YgrJEdUa7O+zhNQlq3Pud0uZCJkMtCjLRa
WhdC+IfGNemrxDHFQxn18WA8mW+X4tEWHhYbyOIeHis=,q9gT1y8OUVSi/GszV6Nx8DYosx7hfNN123SXwVpVZTU=,2PcO5QL6h2TQ2pWH7DWWtc/2zrfdV76wfdRrrgDk/9c=,bWIMtd3n8ikaoYCxKE2tIVsrggU8bRFmMpib+43Fp9SbsXJfAaxuDn//T8lmBf5n
sjL0iixiYK9e1bLDaJDeFGAYmrweGSohXN5qiC/iDEs=,Hx4xEdUN646Pm46SZlP4L5D8qEKwDGGk9AcbW5emnZY=,kuW6E6Bxl+H+iTqP7xzVulg4i7nP71LixaQlbRQ58xk=,i7dgJGcbyJ3FDbRX6qZH55vnwqZAlvy7Iin7t2PJcBU=
Et+umiLUTzGtOzf7DYzquUtuppGL2WCf+3Ml81ia32k=,LEB2is/eklYmN+swpdYTsuwTdnpRQwk/09LC75qUarI=,TiwEVM7OY4sio0h+B9JZcmT4Jd1tURMbVqNtFK0KbOE=,Y8fY0FK1RqRrgtqvFTE4Q0UflrpEbE3GFNV+QP/b2SY=
CFD36S+Kp5cR6xCGGx4B3/YYVBYlhaNOzoRoiNsxOGU=,tnvZkTr7mJ9GXbta09VHlH52m2qKikbhKo1hXQR7nLw=,JHS8CBJGb1G7mydg6uNFJmem4g3qMH1EeF2KrQ+Z7L8=,VdDVyrRvxR/n8FWjlQVlob/nF3oOsAydfOYHPdubU3oNHnxMrmrzE8uGj0M8nOJt
6yYfrHkraNJryNbZiQUneCFsdQrvFv2G5iB6MaTzE0Q=,50p+IQPCrN/8d+qZbkuNkWNIMW8feEE0Y/Fn9YVVLHg=,6CNDYN8KU7hyDTX6Mt/9acM04OdH2RC/FtFE9lGrXzo=,Xv71dKsfXfs3mvo5oIteSEyYpLPACegcYHRs/Xl0bbllOA6OfDSH/WubNMpXgQOj
97O8OIQGEqZJLvxJyuuRxmqEEhzO766Y9XulnK8Mnyk=,X8BJ4YujzNhFbWZ3PlJ7Zsp308pb4NGApiTd4jShKwQ=,Lct4C6jYVeF79xul7yNEW6kmLPatCBtd52/+HFLaBEI=,83aZ9S6tJJ9vj2jdEGZs1pD3mqqpn4XtACAtDXojv06A3liG2lZKzNiVVR93x1qu
nqB4PPJ5bj2fMhhDCR/VEhS8UzK/vnZPHbbGKr5ppJM=,AmeGk2GOWe/skPUM2uKLVDcyvcoLjD2jRAC7gIoQgVo=,vCdGtd9vLoE68p00pmuS0AAiFJrTYxnGW/Ot4QT0AVc=,59nz8WOmkr/7uxbXgF93FqmihtJj+7Ewp6jNnjOG+PX/gA/6ACoZVbGISyUHe9Po
d6m0qf8M1VQaNiq15byg4dCdcpA9Cl2vztDtno4AzjM=,9aS0pZeXmV3yLJwZ72ABJCPYRSseJelf71wTB3EPj4A=,k2to6x+KYz059DAnH6CBldejNzt1QSuDF6lTiQEeMos=,L7r2Go9zVDvVGji3HSFNHDluBQaRTf78U6Vnp0M1xGWKW/53AHvmxVkAIxP6ikkv
pTtGwrDsJqM5RexiatL1Tm3u7NW9NrSH/T3dmte2BCw=,FoqeP7tITLPbAaLknqQtmXbaNqyccFxfMon4P0eRFvM=,74TJkSU1TEZUyQGFoixLLs3goutOlhJ8wmq6EGEgxPo=,m56rm2W4WgAFgSFmTifz/r7behehfRb2Fn/Hia9b2q5KTWN8L6t22Bu+t6liTL/2
lpvIltgN7/p/HN7ZgIWMyNRpSLJ2U6CbY8kOVO/6XEk=,NroV7hITvF4JI92GEKrXXX9gongPSif0L1Z9H3G9z+4=,ZrnBOzswHZQ9IW8lxj5flgH8zNShq+jerfjLOOIx6/4=,cGp54S7/QrZ384W5gruS9W0dyPRvfhOowYVCU/uamA+C6IQ1ziLMN/PgYEPco7Rb
u/9hJ8xEJyOpEjV09ar1u/lRF6i1DYOae9PTkzMcM50=,SEtiCGpXeIxR20MhrvgkBif9a5frbUEynCzuAk/BASY=,JGcaoP2/CFWGmrCMsGIO5/y9Bc+ymfuwkE97AddQ220=,rKlJylNqP5UySWl1CMGjdhv9hgbWCGmIQtjER7Y+qcM=
N+1JwuTb3aTPlYCJBuuk7NrurRZ5oQlB9v8aMqN0RZc=,OJ10sXEkxZ1ETmnuCDuGeGQ1tr6HH2Eaou66nn91QEQ=,uBj+Iz2FWB7WA9D6TEuGNJ8YRNREFEVWyb7/IqEIpPU=,ePRUjgO8Eff4rOChZAgNgsfsdC/U4woMK76rMewcDbI=
buIzcTpxu0cB/OKgpbIrATWnJbENCGHPy6bMZTdRmYU=,Uvz0CiyTK1StIgKMyOA6C/ySCKMcebReEAzwUzgd0cE=,d+ZZcH1vvI8qHxS5z5UMCHBlg/vdanyFKCV0WW3A1Ds=,8Gcp/CwdbEHhrIZe61spEftsyZRQD51l6jXUkdgESK79KagW5945o7siy/9Snhea
m1DODnAnkeTMgSMPd7ABAO3lpXOzx8qH86bAaolSwQQ=,BocIVwI1qT774+6FIPVDCHNcH9/FesmZd3kea3RzGo4=,s+n+pSeenXVt5Mh+TkSPS6ckOIKUaQ8i+TBQO45AaIo=,TnauxpAmbZE3nl2JIyJtaTXG62D6/8zdH+laFsDIShj+04CqP8RiY2g4mVw+ebwP
G6YpwaZHE0iUExtjhHR63Wh3nQGQZDu/uZYFijHuUtE=,GpWjYBSoI2Jv4547EC76k73WfGilmYW2Eemm/caNmc4=,8d4UOZznNvXjlNggvqsCAxXdlZttQRrtpunJbd3SOG8=,0K//duoOWxAlTQfXg0nZ2LuvaC0VgtYVdZ4Ir0KKAsk=
sjucnBE9iB2Wc0+VLvsah8RBw3hNy9qD//v6I/peJNo=,eHsQCQgSPuaO0duNHqlDrNZAIy3ax7N3dILCbyFT7rs=,Bm7UMvy7xbSuFIVQCBQgN4WbRQWdsC1XtBotPHNSvQ4=,9h2d+mI5+Tw3PjfGS821dvhWNXw1jDLurdtunH9tF80=
qVl+aH60kPQnPaR9qh8IcnAsgVEJsvOjq8yfLCEcx/8=,XXH03h3TTrEo4e6BnuTFPr6ZbL7p4YrAHSknOiE6EQo=,1s92t/MYVuagt+aFP9sMysDU9IUuanh+QtJNh8HMYKA=,0fz/FDdnZBgQTeO6qJki9P0me2yPEc+2y3tNKy9QfuxdEO+isk5VcWDy4ZEZAWAM
507rawmTTMWxcCw770hE3sBAKTiiMGbzadIu8+GJh7Y=,yLJuizDI8LHPwtOTNt+I5oPYYQ4XZ5ca8i5LZtVaxrw=,731cS4wgPm0vRW3k7l2xMb2NBuFautD2efZEUosuK2o=,SIq7efCTKvdqxNwT+rARWkiXYndwa6kpdWymS7aGq+B+dKwBCrBeebvyrzIp2eMj
yXHHMD+HC78vfNNmlnhSdZkKT7q44kUMt/VdX1Nq5p8=,0beFHDe7QStbh/AoqZbHeI/gLULtRLGL5m3nzKjl+Bo=,542U7rqPPAD5U9mGAjRCEXL0MMAyN/UsTA57xbNcH9I=,eg6ep7GzfEEcYPf+JDMlFw4ZE+dVRe8TLJaE76PXhmk=
