Z7l2MjRki0aTMQJW7jvgIf9cUkdAv2ypMsQDidZQ8s0=,FdIxZnxJW+5zEadZG12TEKzmfRkbwF/onS+1yY24QKU=,aCV2ONAq/kEhnvVihXvFxhr+N1HycXTzB1dyPEORenI=,SQZGKV1+KHxqGCigVuRUAQDdDy49jzoMRkQ97KzOqAk=
4pXfjH7G6h1QIpTk59gvvYklCH/SEfxllX4Y4PqRptc=,ugxl++pt70bWE9conowuxUCjWeIp6Cjgh6BxczNpsOg=,yE2f87dcABDs+9B3/Y83MAT6rqHrCHlXJ1SlW1IgvAg=,fIWD4skgnXEP5Zk5oHdJheJnjr/RU+likA0stWBRZ9k=
00AR8vFQnFsGMIi4l5BknTwF9t/vX5HM/2YG5qR3k4o=,nvYkl0djbKUwol7wZpCP46RNHfJc/mR/hkjMxVMqScM=,qEvlwHo+8/tHQO2B2U84+89vtIuo/hAdymRQQ5ctEVw=,UUsIoSNGNDUYPqR2WojY2crObOJQy7MgECglJ7UZVKA=
Le0exserRwr1mlSCcEfj6IcFTzeiN47P/d1ottF1hm0=,ZKK/OvSfsFejXuZ8ZX+RuLl090oD7QJoShZFXqFUYOk=,fR03MQpRlWA0yICcYd1ue9j5mpT3gkalHuTrKiEk7W0=,vxBJdxapl0m14pd82ibFePfcTtbZg08nUXzk0B0WSIjM7DZAnAb2kXDlUANZo8Xg
i+ss5hDkQbCmf/YUgnyaQ/P0wd+l62xYOntclQsgAl0=,ZPJSppjJc51bPJx62TZQcL9vxnGd4mt5wiSnENb7QDw=,4aAPrErOx3JRtcNmD1kLdLAWO2y3nvxmjrwvkNAggtQ=,c+ek77r/ppjKNHt352WsAxM82WQBE5iXVy+wWKoLYNE=
6QId2Dr0TmT/PbaMfn4Im7IQJOO6tcgj7GYQOnCQqMo=,8wfIfTqe8jxdioa+wawmLNln3Zjzkmct8XbOAC44nME=,doU9yhKpQV9aklDQjTVJUBowGQrAYzsCMuKU2CpmVeM=,mNj+CEmjoijnpTNLSjTG7jklYPmr3sDTYcnPEDF1GlE=
8nrPj9YNRNGgoMdFIDq3uh8K/8UQUFeNVqaDfEQlelY=,ab9G0hU6cJOsNf4Af4qp3Q8Fu0AZIdXx9shPvM2Fvaw=,JAzNWxtWpbXofmAU3mKTfGgYx1k2kMKylGnVmLFnLqg=,MOYZkPkNIHWPpvMTp+qRnDwEpmhvIK1orxxT0reIoUA=
X9dpUEPS+p/KbKWZNKEmKPplqff8eTLkbnr0W12qRG4=,nkuXQhU6hXkAG1qpI1iHGJYG/Zge3AHG6/OS2RD44ME=,4XXdOiT44LFI+Uoo6zMLIhxBMdxO7m2hCh8w/sa6ESY=,g+5wCrYfWieeisfWoncV9XEpaMa9sOUIs32Y9wwxJhWCEzyuDr/n9NQIVrKeHvdb
IO2ZLZ20SGiWbhuFdKSy93/XOXlWnkksXIcEmibhaEg=,8is3sCaHZjcNWQJMZxzNR43sySSDlFe+xKeLrlMMevU=,IszoflVrY5wMhzYHfj76SVPqtF7nLFzcyPlv3FD5KoI=,kGjcjraNlIuGu9CIIlS22P0xJ7SP9Einmwop9tXKgN4=
JLfiSBWW27x6btTo6pVyEfBMioJh+KHe3lFzFIpQShs=,AFrZK6fYJ9oHDd9wC3WZ9BmCClIb917QFeRHY+BAQmo=,buPUksiT+MgxExKYEBra3eTrlkQZlDTmnsJ0hQER1ls=,7aNVrOiL8DIen/isDETo1bfcxbD4tI0dHXvqi8Ooxlo=
H2Eo7WzsaPX2SBqtYhNXjVFB1uKh9OJkl9W84qyxklU=,kTdWu0kTPDKJfaqrhGQPAuDD054LlVKn8seycYPYbGE=,g4x9hORmS/L9n6TctQbpZ8eDI5YYlfYDt6o2wrJ0cUM=,yY2awred12pMvxEtkuaKLpf+fAYok0LGWiz5B3FBDtw=
