1PG/V2HYFk6vVbQKBtryccnhrGec3iJ/c5RfljtYYSk=,v5kHeFW1DWGBGHQyH1ttU7dlLvlAbrF/aqVA9khcjf4=,D1kjpp5fZy5GvWvjaK7zKlgSv1/P3sicm89anNPsT0E=,Bkgu3VEQdsntqF2LoDSuM18LVf8iZragdfAjHPJyebU=,5b866+hwjwbqHEJKKUfGAxzFZFwuN/FHhmBNuTgU/cR50mqA0ZUwxssl1Sva7Qw2
s+7FW1oIUqrAFFKfmBMwNN4fpspmcmk68bccGvOjcIA=,5UFnp7wy2txJyJoMljWSKlKeW0OcGd+cmfNfym2HJP8=,x/DJ72lHh/Upkr8hW6AArYEZJoA2JgkhacXJXfuzTdo=,+7And0KJaSkyxrx7UShSHeAfLpPqqgjvisjclR1V5Qk=
TVluwTO7+YteU3C0oAmu8z5j/7g/tlmzLQspMLdcerw=,5M4SAdXdaQ/YC9KVWGhPj3uhUw2x2GKdvom/TAX2edA=,Kp3Qd41hVOZBDCdm5Y3aCN7WmU5z6Y5fBpDMxUPx+W4=,UfRbM1K+11HWv17Tq3X65twOKK0/yGPTJ6F8dgfN2Rir5I8iZuDjaFPE+5syvAO3
HTxfB/dJph4efaALQ/ZNdfjtzXYa0Dt1AG3uSjDbgzA=,BTKa3mcg63AGmyEk4b/uqTFEeiuB8kyuMpIF34npais=,VzCqAIZNqhGX4PBPZ3iZvT6wJwbdhrhY9MXAjeDTL4M=,q5JwWx/DL/IncafscwF2IkJz9k7NtdITJ5u03/E0NBs=
ZRCHDLFk8GQP89+UPKwZL50y/YGpik6kZzi3LHoVJJk=,+PyV3e+x7iEBwH9uiZq4Fjwy5ZeiClz3PXPp/qhaGac=,SIAJxUg8bCEtTH4OL61OTabRmrIaFRldLgzyGux6KhQ=,tXeeASXmPhhNa/hI0S9NAbCuBnBd1nfzkNb91PZXQ9Q=
FqKyYDZ4zh+QMwgMqURdgn5IqSB1Ml7TXIwZsL2Ch04=,3WKdyopSgcSsHUA7nVE5G1IG0kGy38+qWOJ14aQ6Uec=,62TTV7SYAEjoZl6nscBnX92p+238+MhYmAodaJfluwk=,/88eW8nXrSDRmNwX5JUtMIOw9KMaC/pP2/YJZ93RHskeCeQXjV1JD3Ea/xtkAN0R
qPJiz6JInXKWN8BudX/TUasG77KQ90ETVZqofpBMVQQ=,1I/8Zc/kpaiNvgByqv/+BeXKrscdvjMRtKkTKwBGpCc=,XLlVyJsKGtq2jTar2sRCPI8hbO4D12T1JyOhPlj25qc=,ltuj9vTzUUwKktEuef9xn2ybWUtM2uv/J9RYxXr3Zdg=
l436KBVgmYhgQNnzal3qzemMt49cKOEYRcn0BU7hvI8=,hB4dAx+zgBrevAvkCgng0gQ4c+v2dh2E+lm6IO59F5s=,fpc5kvVdYguPuu7vowtwS1tBSUstcOgnqobn0V7XKpI=,/Kcy6WV7gsDPDHT5BowClhw5j9dbqPjntyvB/4L0HVQ=
6upbmAxKsSNgxg1t3L9ZWCsC+QgoidqZh9i8acoVNmE=,hSFVgPLdWqa7NVEBVmuC32iQfSrCfMwb8XbzDa3bvzA=,5WqdK25iZfOr6S9l2mcj27OQQCGyMqygIBzK/20ZtLg=,HirlmHprM2OzkKdWMqXqoBDG7g1I0DBvd4GNh2XVo8zLy2fWzQ/IWpAyIEDTlWke
iUXaQebkrZp52r11SPo5UR4c0JYK+o+Y4ZiWrPOqxVA=,e4nN2eOBBPGgbtbiSorqk/zY1mMuzTJsyObBBxLlQUQ=,UlZFtW2nCzVw9Yfz3HUL7o4H9VFko8iO+MwNxgAkKio=,9nNPls5ytfuBYnaWO4wUzigNhnv7xJCu2qFnRe2OIHM=
TFZA1UautnzsJJzdtc+4fpwaqoJ6xzHfWdyKmZ8/diE=,MEXY09JTCCGNWiSpCFXky2rRtSfVOMTIRZPocVjQz2g=,CUrfTcPwN1lSOMVohVNYvLRWGL2GYASt0YJuUONu10w=,of+6jihKYC9/bOR7mqISmozhBxv5kHUnu3e0wxlJO5c=
dZWnJJs2z8YS9I2vqswyrSo4IQVVmkcLcvu9vQaqjKs=,oUMbWGWwNIeJOxYGrj3R5ho8N9HHFOGWXLuWH+P4QKk=,cYsy7QUxfEoYjpYIW69RduzRxj888k1CaHgb1lsZLs8=,7J6BiGn96IVuOLoOe5twEj0il/PX9yMdik8msDXQRRNGszXFEdpbojdsj6odiZfs
+CpQ/Y4rhYOJNXPlekT9mD73MxafMEqpWOi8GuLNBT8=,qBQySVYmgcQ/GMwUciNEmVej19Ldh4pGqIOeclfw32Y=,qWj2IvouNtNL8CpcN4zGcvk+gBdc1WcPpNrc6rpWHLA=,I44NfxrNICN8k4hWEA5W8trV1gu/tRr6i9UnQJ9eFV4=
qTqGe3zudVqpBzI1wy45bdjDj+vYq6nvp7ZEucNdw2s=,lY6wy0OEwmHHnqEOIDVxm5Cxv+p00CTsZYwRC5ybnA8=,bdwVVckZz+wQAm5kIiYQUmiGDozJ/++kY1eEsuev7mI=,oBj9d+xIyAue0YlMAoNAZaOD6mZyInUlJnUWzcPHuZs=
OWTOWlok3b2FAes1QzE3P39ce1SyRvyPlfhaWAgbU7g=,zfkhKTjmv7em/73QuXsHzJw9LW6iNDew2QL0tqQvfK0=,C/HoQ7p4Z5PpMVanoYZe4gsE8XrePTlFuezIT7bNWrQ=,c41tOteoSJmJzWO5Db9Y61jWt9ZM50yLC1ko6UNs158=
wtlvQ58Ln+zqsjXAcmhRXP+208kW5mvn/eWPX8WZoYM=,wbwTgIZbrb0wGcZeuzNkVr09Y7xWMmLoUkMrcNgZDMI=,rRGPLx9Zn0/owjRL6ko+l7SAzitmu8tiC3aqg+wcmQ4=,024F/eUj/xulZTU+b23VGFOTuoEF2Mdp8TZyi85NX50=
lHjLG1lSZnZp30yLEVT8T9n6A/OqbaHv0Z8fdSqCni0=,wT5xP4tlGL0PjxBKHtAU+3RTfK9oz5gVFiW+G0wfU68=,1pzc41aWywBRsNjOsFH8v3bwBDMpPKjI92oS80wMhJw=,iKm1XNdCN1Iazh1nKtXoEP1nKAmK/O3VZKCXJKmjtvc=
YGHzw76O1JXrlfxilvCX8nLyUKRzqY786hU8UORr9Bw=,5hVh5vTi1gSDYYQf856lpSZoldWWtXa3WRAGtBCZtqI=,xvMzr5UOnl/2HU1tuXn73j9fQcj77CelwWEK3TZSYEM=,dcLAndJpca3k/hsOACdsM3Mo+EGQLzPOWNJEOyKzdp0=
y5GMK3/9CmnOTBWmFsVG6/VYIkqW65edlJoG9/GD3rA=,CBvFCrJ0bkPyM2BteEltJqIcgd2bsZamxp/aoQ2DeqE=,kn1p66QIVv/pjHx6QjIfYdmNuN7xQNMJDpRwbN84o7g=,MIXajW6RNiscukeRxZnjMPXWQNT7bXRX2WMJvViLM/c=
+/NzNJIXcQMPPFjB3KcFOsDhSsyyQdIGVWWxSlRSCWI=,MiJkqqf7lEQK7YIeJlVH3W+8+R35adbYy9whSpmZcYE=,juJ4lo0owYRuQwGUD+/3t0yAKJY8tPsXTLbqQuDFZP4=,puYbS+ojl/w1+QqSUzt1AlAwdaAwRyAMl5t9pSgzLgY=
B1RtXW7UtjYnNahIb131eMu17a7slopm/qY7pm4HGBI=,knY2DWXcW2Ue/kU0GURSUiKMQBJcXaIXLyswA/fYPjw=,LBK9gY9OrB8qBIaizfthtC+mk46d646dgZzRRJL3ffw=,4CCtnxu3h9EjEWrFDP82D422BCZSMKbJvCejPXmY4Lk=
+TmQB7+pUdT95Aa2F58GuRoflJ6W4WSs7ATvn6Yj3mE=,8SvozTvfv2StOGtgSfWDjxBxTlQynFLYCZA59GBbg1A=,Clv4+RZ5E33jpFM/1oAyEiEkHy/GHaE0dDU9tEhCJ0I=,5JuiGo3agp6/a7GUKdhkAMEcLNQ+CnLY295yxTyImqc=
yei8jq0yK5zvVob6MYqCvQ6kKUnK4FAjxCpQI0+Dgyc=,JquJHiFjUUbcgeyYM+RKC0O/5sqjqvBjBDwCWwTy28A=,kF1JP2kF1NCBVGEgLjUXiOxN7YxDzvJ4rlrDSEZeWEE=,ji+dwVGyNc5VkfHP2g55WI94wlIfnxGXA5bZN0nzl8s=
vCxlKEGuVjEqAMQXtqTGnjOb+q/NQpnnlEoZdZasIH0=,HC82XQQK+W/5Fkl4R/JsjYIQS0vbkRAeBApIOG9UI9M=,GDULbk/DT7giWz3pVWf8sedJOnEAp+cXFkQ9mrdbxis=,3AJjLUjO3rSSOdqdYwQM+AgMo9mHJCwcyP9QJOxpTJs=
vg3vJc1Mm8BHepheMuzNLoZBqXUOWxGdGyrx2vbVa4M=,fyGOqgns9qpxO/qyAAnbRHozucZ6jR4Lej1xbCFNPk0=,b/fj2dN5uRCswiXG75IxctTCJoad4DFdoG/a76f8p6k=,ZmPpqNYHRHQ2D2M7fhgoF8p3qBLAbed7j7D/DdBQ0f0=
AOtEeSZoh0I1kBOAABxzspIRWXgzvbM3/zLBCM/OI2Y=,bFIKapqtgOvmgkXnc5p3Im1uVANurVJJTXDciAoCims=,xaEVN78nOutQDCjt0aN12XDG6grTnMRep9YQZ10s9b4=,QFi7KjiGsVmNwQfkuJx0tlR19rmf7D/ZHqu7Pj+kcao=
SvjYgEzYAFY/HP8Y5AKC23NMb5WaqY4qCc0xT4285jA=,axo0fLzFKoqT800HWf99uQpXVOUNwLzB66m9wQ6L4dY=,cJ+dwNrd2Yj4mRwy81XqnL+6O7rNuOPAi4dzfT9BKWI=,HULCA1xkU+h3iUdKFWfdH2Aw0lOVF0r5UcJtUOmrI0A=
mmqEg0hUf/czx3ZsCIRAGT7yHTLx6sBD0uL5B1u8lmo=,jDWpOUhDGvQLFFS4WWY9yHhs4G/cJSLCoJ3jhdNQ7p4=,h8DEnZT0HwMHmXc5ikYguCjKKeqxLIpPxe/+ZEu0oAQ=,9JA7pRUgwbOz5vNExOjTiBXYQ8rvD/WbSPKrEYoE1bTmWofms2nuO3zED5uO8PaO
OJ/4ERSMy2wn92ixHx/R7IRAdrbv/VmjYvTvtwmp8/g=,YlRT/iEwHJnfHROrFU18IqPF/z+b6Jx9N/n4zwG6ZKA=,iY+xXD85eUvh7mTmcpsuwIV0BpCvXOrJeXne9vwXfVA=,/136guttnM6o/TfTJQP8ENaZJSa8ZEBU/SyWLfFUZ9c=
gJK61ObJ5zGhOQXfSNIkcFAPNyM/vD/tDaGbr/P+BE0=,IbpgyJgfgDRolYVYRY2dIx8r3mRSvtY6pZjbdDIEJ/g=,omWb7GnxTYmrURIZAHikVCZEc/Xv5egdSUnhMneiNgc=,MAgG2eWi8KpleQuCJ3NSXaX6ZeYR11SSIYqil6MUXu4=
DA/tSxRWgHghc03e01Od5dWQPlhU5YAsPb7x7rLMZ/4=,t1b1JFXBWMWr6sz62hKNo3m0o0YFo1MQRQxltiHpxfk=,gp5ZU+B3cI4+ORRehupEV18KZWzWqaQ9Q9IJQAp36uo=,BzaEj10Bn6M3PSmdiuvzFXsJiV2FYsDve92xxYnvQ+U=
8hS3DPs1Rb9liq084BH0x7+kI7iPolOeZxbzJYOJ5xI=,TlAXKHFO7xzf031iBX7Vs8wMpv6ieOh+kpHgtUmcqTg=,F07KZsjMWgAG6zCWXyvGtOc8k+psEesWFayit8Q/wC8=,wzBCQp+QJiTTc25Bt3ESXboFHSaRAeuD0fgnDQ0RK7E=
m36rUwUnot2C5MaiZmSZkxlVUKqlfZfaCu1SInxAXd0=,WGXVN/LDUtJj6XmNYQUo7b+kk0/cj4wbaX+xi/JPQ4A=,eb0ZYVlYRQZyESdZmZmwH0r1AkkrOCDMpC8SQFoxr7g=,maRfHwY1QJPrPISy6varOQuRSrN8eY1Q7Ema2QPjTnI=
1WlS8/yfup7BW7O76gnVi4EfeYtIt+MO3K+HC/ADDMI=,1AnIqeDAlUBi/+Z21is7Vfco5aZsrgZdjA4n+MsTXck=,MFo7AgsYkGPxygKuqEG01INoZpSljz4mRh/Q6DwmlC4=,4JHqXJ3CpZmKqVkUyGLLJhUjBaVPVAy+gJwUzvnFPt4=
NuiXCz7XgJ4je93wOD1NQoCkOyN1HM63aA+wKO97h64=,oDua97awDFk1Vy2kOm2odqSzUJ2gZdVHBJ6btZM18sQ=,ts/Dc2/DEQs03BG2bKYVhNiJ/4QlhX/bjxPZm5KoXMA=,1vzblg24ykoblgpbvS1QkD0wnJd9eZWt2veGeG7ZxW8=
fORJCGlq2sTcP3F41ZRcbvrp+Xb1fPDok9PCQKmeY4U=,NWuMtOaN+nShNYylRpD3FbFfDy8nPP52HCnAjzr1Yak=,y20KcLCr0NHTY1nS+MMfTPudJTsG37O98gGoEJRXu8o=,B8LETKsxwPk1FeyTQUXxaADoT2uejYlliMx4i64Qt80=
Zrt30uYd1/rIOUx4e4jN4iFbfECEY6x4w4VPqvXMuRA=,7NnmOHqMnL7hSr02EdFRiEhFhqZrAmgvyzX/EilCgjk=,evvfpTJz+4So2S4+TG03GGk3KH3y/CuUOZNLti3ux+I=,vlGCcz6ZTKNPmze7o0i9NyOeLoDlcJ4YyB0LJbULuH8=
2fQyt74fZxzqR0bpNu2TpCIl/Xu4U5gAEFBhrr9ZrJI=,9kj+RhB4TRBKUvk0TGUgBZ3+pNZwtaWkILfxyUzzn4g=,FslG9VrZ+fbL5tpymRR8tl72QPq7ytgiLdeJ8sp4BxQ=,2GoP8T8JHEpq5vS+AHTlRmPv6iJkmsK/ykVunXWsBwM=
gsW2nnnDDiEPjTq4yi86a6AiG/6FExg8Yj+wxtT6e9I=,Jxe1zrOgFGAh4KllPGT2nv5FJxWfhymf2Cj55mU19NI=,zqwtb1qWyvd83MAukCtgXKC56kZI7lTDMTGTUIZb8us=,yW2wJONr6HK/gwSZYsLzVetVEdApUeLdpl81/PJoMLQ=
+owWS4RgfNjcLPl4NYrR4hSL2c59Oqa+6kLdz38mSLE=,TCm1r1cGAx2GK3y1+zFNFdbI5RdCEx90dVrdaW2Yo9E=,YaoqLSqcVR8AoDwRXLghKTsuRIEKcPo4nApIy0a8yP8=,mc6xoF621Jk3KSgIbc8EO4eJ3Khl6jZsdFn3elGx4EY=
uhcWq3YJn2tAH9ndCE6Zw9ta+QvSVKsNb4SFTpN8IbI=,H8E2cRFD0ChFnDuEdaIilHRnrbhepWSc6zGTN8aNmyw=,PEryeDlfvmoYLEjvoR20UfCXHkogvA1/oq6RrNSwfKo=,CSiVZ51HgrzR0rHl6BxGcGJMIDFQzv1dVZiCWeGWbqc=
eeU1ykLdaS6U/76zbqDRROWzwgCQN8osp343zIoDlEo=,4x0Yxx1D96wraQxHJ57g4sfeDbpjQdu1/VWLimhQTfY=,YHkCyg/ZzJQr6hbJPxApUONBM6/N/AO1Xm7WdEXaE3A=,CXZqhF58KO4z+Gx0ZQKosdygToZmTIRnORpzGyLbr3M=
NEcuzfxaEP+/AIb/EWHOhnSWDjskVXftykeeogq3Dts=,UBcAU6LXGA6xr6LflND/G2tQjV5sb1KNKePHk3XWEGo=,o5YAA51JpXqn1utM+7fA+JY5cxXY4rh0qdBDCuUvkpU=,mbBXInhSMJFDKs0Y37duFjYq/tx05Enk3ZhKuZLZsIQ=
WaAKgDH7eubfEynxNjWgOda+vC8zlGFpGYg1Eq37zrY=,8SV80+617l6c0KOGLajrVEGqH/mMjDqPc7BpF4xyCB8=,LXw7VuCXVw0Y+r/0mLKkToxiEZaLBYwV6dbVAtTIvGI=,k3uBlX/curFcL7Dd/MTKCVUE0wkYaUkBSiZy66ZQr+Y=
4CmNX1nrAYeNGYFPGaZ750/JO+rBvHcKWwXVu3ovwKY=,Ke99XW/Fmrt/vaisEWL++vCUSuvB9B10lN1B4J+Fpqo=,tcp2dCCvRgjQCYDL2EJtm1T49l/oQW3tOl8+xE2ZYpI=,0dL6C/TbFh1uiPFU4T0XAn2lW7KaWY2pRTwQezCY280=
pHSJ//a+fd+uA5VyrGDsBYhOWzi1UYhLqU/ND5a+GSs=,a3y6zCj00N+2ITak8Bkn3MG+/mwCx4jAY7y7/F/BNJE=,oxJX9Kx6b1gLN9nSLzQHIGBwjFibJaUyjSz3K5f0Myg=,GqCE6bMp3EvAJW7uDAIMGhftv8OsEassIDnsrUyksxs=
Bzeq4F6cc4dcKXRS8nyHfqJyKtRd+Lvb6vRTv3BAR1Q=,gB3Fe5/xzCutJ0i8NHuQN2Zxc1HPnnwDKRks9TH64pM=,gQV4vufFNy2EAS60ehjbAflFuM9JT44x0Dl+w4eJDpA=,JvBdpfnkCE8hJv9gNkFWzwZdzBY/yhsZJ8hkYNE1Q9Y=
/YluHfbw/c5ijFdr5MnC500OZ0wcFOtIghZFpMfvR/k=,eqZWOekAywMKaqyHCS3ix0tBbV8rUCGHyt6gZjHPIMA=,jcQdAOnH9NfpIhf+pesmnl5SHud+H8MMXR4W/27Ve8I=,8MSoML3UkY1poYdNIWQ+y1INfudf+lEWuVpIgw1ILrs=
xCKs7PuEnLxuxaxsbB593++klaw6KIT6bMXwJN//yuo=,3JSNSmqBebdTrtfXhb7FHzdmrMEaU7ynsdvS18+YrF0=,jAlEhtL6pYJ8goRpCYExx5iN5s97fxujBg1mpE4GCDo=,mawZgZKeum05gLgyX2vnAVwhiKfL41pZE+pxY9wWx7E=
A6y1hOFLeNvbp2WnwCtnHJYApUquoom19VHNXUJ/IAQ=,YACGSHOg9dvcaaqZcDbPM5vuP98A/CxNv8vg04apg0c=,s/VEG4xP1dc+TLMluhrGPqMnv+r1j1crqQQNaNptDZA=,agJIvyCzppTr38jorbScUGr/br63+KXE8jGl/Zpn/7w=
