72cKPfrjP/5NrbypjdRYS96UuOs1NRYfLTdgQKvAK1k=,0AAdx7zcR08wfu7I/g8pd0UJZWwe0lq8UBAkLGwBsS0=,xhssoWV+PAX9nM51q8KBuGPT2X+WeGhIZQjb31Gx1tc=,0uB9D0TqdJQFze6nJ8/dCcJC2Iq4uADCcE4RCz9bD+o=,o2whzTobduAjvd+lZIaqb6JKLyNJSUomeBMzfUl9j1E=,cVX1OXSh7seliuXPIf/SPWXTyxT8MCKckX2EYvHrh0g=,Umgc7843Wh9Pf6w2ZK5jzC8QehRB0nFXgdpb7ENlV8w=,SpeaLC0Urj5AHyFOxk6hhQWYIottZw0mFhN/Wmm410U=,sciRGnvpUHVHjAN09CXnseycLwMgyXmadPFO3hbhtNM=,CsZ0mvB2nTeEHxSBvY26IqLcsWEcsNuenZQzVdVrZjY=,EuUdjkD4WnygKCHaOdoMbFyqBj541H5on/CT0aiZa1g=
10lk6+jqPuH1Jv8DRNx88izWX3tUn5pAE+7/QcxjY10=,95jgvCKSC0y2w3zJTOmIt9TbSxw8P5T7pJKyrxYTzF8=,IAHdDxKW2+J9bi1HzwmqzaDQ3/NXil9tHbw0pFP1co8=,9xZ0Ijvu05AlQXoHb+hOo9ACQzELghT7wie80v2GBzVwKQEtAfh85eO2Zc6fI0OiuKQ7s8eDSa+EN6CqUXAft0gsebIaKgWjYpDx8QgN9JqUk5Lhcz6Qx1CUUl8FCgIXklyWXiP3zxbehs3KVgtQQg==
8b28RXMNO82JZlKsjnJ0zCFVv8N43MNGalXUY3LpCS8=,0IPVt15FYOA30x6TWr9mGFjo7exfH4TV4ZPQ5jlicck=,rwm6raR3pOny37UYQ6Ytb7sue4dWpJ2sp7o9xLHbcqc=,5XWpHAxe06fPgbV2jEDcwDZhovF4LFwVP+Ine6SaOcM=
5qekIpY7jGa8+FKpc0NcsdaX5PcPvqEO6uTzNy/UXJs=,fox79wA+4prDz+TOxVI2F/IcsW2yHGMX3ockCt1XtIM=,nxjo3TTWGwMs4yJEbs5VY0iLlrmGb6S22gHJctMi9OQ=,buiA3GCVuUleYzaHYGAuokg8uLap0cQOzokkMzHmUMpYmauDBFh+Koy6r0LVeNx26zoJmpb9mGMO7NElG++GJQ==
+ZDETFycQGiN2lEntm4Io4XdSo+KsNnZWv5zdlx5UHM=,of0E6D1xt+T9yPcg4+wUzLBTbFEK9wsO8PxKB+DDecA=,EmCyiCbqfpeC789GfBE9X1DbskyVrf9zHxJRTnA1Bio=,gaI5JvF9bPyN/tspRnnb/eAQGY3Gwa1vJoIrdVo2zO4=
efLYwUV1AegC3YuizRy2GCckLlnovfubHa3lKKmarfM=,EEDlO3WXqzA5FPWl58bTpZjKmzWIDKHUfcWJydQRNfk=,dliVBqV/L8C0OTY8vz8s0pmG5Y2Cya3LVPJNPEeGZLI=,NhAZA6S00ncHN78wj8bvSfttGVlxQULvrghr1DUyUGQ=
AYLQJZgMitqFbdj3ola34gBOh/laTSSuVnL6dABwHX8=,nuiQUJYMziM/FcZxDWXoobg1lcEoUIGLAHqg83sKRm8=,fD5HaHyQTgBNA8R9q08VqgW0j7FXfjHfGSuWXIxcp/U=,+fH5S07sWem4Mi7fzn91WACWmDi0KXjOWJfrKoAPd+o=
9xJjVYP/gfo3Sg2nh5rEpx8k7LaCZqpQ5cZB2PKzvD8=,Usa5it79bzUAp3XcJQHOYY0PAE6M7IFzcF6acCDtXrA=,kNRnxa5nbMbC2sLjaYSdolvPNuQO5gG5PKDrHghxYSw=,eOvtTio4WyqtPcGggWEcVnJLmVgLv2dD6pQj2TDVZC4=
wKIiXXf5VuVnRXch6xdgrlbZOOwiRG3bCqtJ5OJM7pk=,zHtkrhmByg3vyvw4EL9tnS1dHnmDqry2jU01yrDDR9A=,QNjQkcdQdUx4L6EX3/1KoHdAZKgIBaOcJhx46E9cXGA=,IFHlX+3HumJm65rxJ7r7xSGYffQDa95c5rjCD30SVcOSew5x5Q771W2frchtxyYt
5UncPg6zGjNZCWxYinOVuZL9aO3lt6uk4UR6MGHDcGU=,sFcEcMWIQcnHMG0PDqUIHwaQ4qQUGMKyMLMDRL6Wk4g=,tZtslYic3WC+5EF1g+eOFNwQ/cBOMiahNveGIZIuTgw=,/I7fFm2gFmJBZ2W2tIK4t18k+J/Qirgc+u9CCtlFs/APfQ6wDGkjll2J31gZQcEM
8OFvwQ4G2t/OksNT57p+tLsnw4a9OQf2Yn9xCS/CI18=,FZsSiwW5TrzIeBzrpQMiLxgFUFXY0zkTrjzibzY4g2I=,HDjjp1AbIvH99CwfJNqaTvRMckZh87TJ2bwu88SgM84=,aPkEAOAbrRsjlgdxYpYH5Ez6vxOKSNHbxSRQKKkz+whkgc/HEjM4+gS/a59Z/Tak
RIroxiYq0N0DE/nNs6UEfF/B7+mNEGLvRpLWL7g204s=,huIMNLLPs1uvwWJDAmgcFz6X0RPKxsdVeLNtuRN03as=,Gn9US2hXXvi8aDPj7gnGF1N7awTcS0UOWgKDzarFpws=,jyIU/unIILv0uiq7pYWH/iIar0s4bPWOcZCJjx4aOGU=
wLYe17hdOp4sdPTPcJuWjRMTt3B+2ONgRCL6FYuKyM8=,FtViXq5cQSiKfaUl0f79NH2E+uCFYetuuMPDfsyZ9ZQ=,Ums2mG5fTxAnyq+lIRSVNOKzAN46kPNqHi/Q3BsxbZo=,/ecyzTZZIA72qB4bJKDQIzaMCwXaHj9OcGtPz8WVWA8=
YJKZFiZ/HhDNQZY9S52CPIUA3LXMHO9LEuZFjvzPvQw=,3Q0yT7u3D+m+7zuU6HYVFR3FMoQYOof3VsXpFc1SVJQ=,b0F0aaBWaFGxMmtabwM44bOS2yPFZ5frqzP6Z1ubbzs=,zVOBW5WyRlx+FfxwRp6a6TAjea3ggu4gbk+xJqsKwHY=
fRcZKfjwGyaG0BOQ/KlRyTk7W06FQ5NBAQ9nkUY1rUQ=,tNoLidVRZQbX+cRSCjbGCJ8Mrj/1KJXWI4+//d1Nxg8=,MGdLgja69xz7yrCsIKfk0rLlHZAiXZ/jcqsB5GbwJ/o=,DE/q3XUI6RZxMoO6Ek9FWuNIJAqdTh6xTpIIIFgJVJc=
nYORaj0yXfr1Lvm7mlyZMgQRhIUaDXMp6oYcJXtHmuQ=,Byb6RkK1nDC5OCG1qbntaqgVXiYaNxVKIFdXyhy5M+k=,T6G4wJSl7eZ8zOzwwbp229V/KvlBmlGiMy+H9mEXNNY=,w9d/sms/nuVExbx+MvBA6uUEpSNJ06qTLppeh08ISpl/NP6grFpin20ir4x8jpu1
ySkUozJXzHx98eerBPovJvDgEokoeIKM0UanFh1sXiA=,6MR2PvijXc57rMCXfPeYx5XesbgcrO81gdfSW+4uL1o=,yJtf7CJPSPR6HaDB5FIv8DbAM0rFsDAL2GAGTqLf1DQ=,6uSGY0IlUqTLbYdxAOjh8qZX5NqGo1NkVJZyyNxgDiES41FoVk5YBL9e3yJYMo1k
d7PQV8so9heH7ZuLwx7vE001MvbxKMT/dTMy0Qjk7uk=,Sb/3sSwrpSoQBHpMxhfYUmR8B+ZB81DV8MEVMN3I8sI=,iC8TDZTAUobHSXGzWyFQ3dRZKo466pAOGnE/PVYNhe8=,132Z/vUYkYHHeGzbK0i7fbW1G3iB+7jELbwAPcYpCOdTIvj0s8q/o7puuRl9xrkK
Lu3QN8oNKYsGVY9saSwLi5ah9dSG3WA0sK+UkWKagg8=,0mjyji4UKBbIJE9I3XoNaAA3pYF9fiJIjFX6IDBGD88=,Av2RncD448JaSQnFfRCRnIS49c/ojyoZuD/71ZAdcNc=,IZk235heM0SFJV/8YsNERXFUnx5lwTwd9dpl5mGE/vPcjnhQ+6pqc8pqTXHTcobE
tXfCIasPPstKwfdsZ3c0EROXmNewlnUwfCMIB5VefPs=,nfFBHRwWBZ8yK4d2tzk5ahMFNXmDEPrl/HhvhWwDs+A=,8YXFwoscGByjT/VdAK1m2rGVtpTYVFvr7D5k7fnJvB4=,/S2HXjSeCa3MaggRvhg80kU0gyXa5Hkxq5E4y7p1Ka4wmg7LU5vKRQGRnc8kdZKM
8L9vm8wSfssAn7NZ8Ez2sd2xJQMv4/XofFK0I7qB5zI=,LkJDCpvkYCvsAIDMxqyAZfNcmfpOb6UaadGfHCe7lvo=,tloUx4vwYYAv1pw2DjNLCMubEXJaEg3bOkbVxKCk1LY=,NRrrzrfcUCUGn2d7fyepMcU/xNJE4qPizj1rxiBUL4HHhUs1E2gxjnxXGv7vPBjs
M3tXn8FwEaxvPIWKD/vQmVT2Hiqo/6jrdQWELUyFlsA=,ZmWT5aEzzZLbK2wfBbZP8SD/VlWeN9cA6Kcn/5YpKD4=,x/MVQMj4ns6XUWmX/LkOlUjwh2HLDAxJjN3RJMV/RmQ=,tP8LKO0aMVh05BXGE53wdFNvTbGl+vnde5DMyQ1nc+JAh1x2Ys96sp/1GajpasJe
K/sTCpq0uajfN4m+X/O1QJjYrCmfC0gO3e14rEXZw/0=,e/i5/q5j+esKfo2eUpWrZNrubpKggEay8c/gieDBe+0=,iTGRMUZKe7wInfBlagFv9EOo2DuMr5mN9lfPecI5424=,VfSlXFrhArMmxh13BJfqHzJGI9dEP7UEqfWVSz5v8fgg+JQrqvestzjrVJZwrKr/
tLS9f3MHBDsnYa4K7i79Ml00/7777padcTINip86XDw=,SNypg8FUTL5mVtu7Jvy7+b+lgiOK19tsrD6TY3Ibaqw=,tQBl1wry1b15GvKcdyvfjfsBPAHgH87GdEeh+IPxeRs=,qcy1W3e6AXb4UXgpGccZWkyFPkzMjKVKrmr00BIPM08QY0N/kyexv00Y18jLxQT/
IqVpgewkGoMbq+8JkaGWO3MXxoR4H+urC3+JhjcGtk4=,b7LPGolAH9dLw/Ddn9XYMFBX+/IP8VltOPQqhgzF8XI=,YuwxtPwwl9F1SVqjzLG9VInT0pMtO19gapQ+Eso3nkc=,NHZjesswDGhgUg3oXmLps4baya4rc1CITBSpKdQeY2Y=
gA1gbHmvlsHghnlfH68XeeP/tBx/6Smsf57zU1u14oY=,HrpBgYKy8VNgOiGSMolmQ7HBnhtABDi3rHsSdGY7lHM=,Rd+hORJbK2EnX53KpW20vw5igJWxPblPMZwI/Ia34fw=,2BGUmY43GdXWQntUwJh2AJPQUCOQLa8E9n8GRACJp5Q=
2K5G+3kUcNpFpvWOF8PpdwKzMJ3iJnqBnM1MMg+XJwE=,KjQtvHk5CYHohhf/G61mENL3twkyTbsSUdMt+pCwd58=,o13xhdrwa19vS4swkC5uCq950Ro0ilV0TD/EO/h4D+M=,Qs5uPYtivNLbD63K0+uQ0EUSsaLsiP7GXos4MQvQyog=
